Unnamed: 0,age,year_in_school,monthly_income,financial_aid,tuition,housing,food,transportation,technology,health_wellness,miscellaneous,major_Biology,major_Computer Science,major_Economics,major_Engineering,major_Psychology,personal expense
0,19,0,7664,2160,47512,5672,2368,984,1072,1016,576,0,0,0,0,1,952
1,24,1,8048,7000,39264,4456,2920,680,1808,1032,544,0,0,1,0,0,1328
2,24,1,5872,7424,24408,5328,1760,1096,1912,896,1064,0,0,1,0,0,1224
3,23,2,4936,2120,39480,5216,2312,912,1304,840,440,0,1,0,0,0,1032
4,20,2,6480,4176,31096,6600,2976,1344,704,568,832,0,1,0,0,0,952
5,25,3,4184,6320,25208,3304,3088,976,1872,864,792,0,1,0,0,0,888
6,23,0,10832,552,39784,6496,3184,808,1256,936,384,0,0,0,1,0,472
7,23,1,5048,5984,31728,4568,2152,736,1216,448,496,0,0,1,0,0,1016
8,22,2,11216,1984,45104,4792,2832,656,1296,1376,1552,0,1,0,0,0,1312
9,18,1,11384,592,31816,5008,1992,936,1944,272,1568,0,1,0,0,0,1000
10,23,1,6096,4920,32744,5280,2096,464,2192,528,400,1,0,0,0,0,952
11,25,0,8544,152,41104,5872,1944,1600,1672,1544,1168,0,0,0,1,0,912
12,21,3,5752,4320,38904,7152,2240,960,624,904,912,0,0,1,0,0,728
13,19,1,9408,6872,41608,5008,1872,400,1000,1592,824,1,0,0,0,0,776
14,24,0,11968,600,42408,5256,1208,504,1568,400,936,0,0,1,0,0,1504
15,22,3,9816,208,33400,7072,2624,1336,584,1232,872,0,1,0,0,0,1656
16,23,0,11352,1896,43600,7064,2888,1600,2280,1480,608,0,0,0,0,1,784
17,21,0,11632,6808,28304,6032,2856,880,400,592,368,0,1,0,0,0,456
18,19,3,11896,2488,35208,7064,2336,552,840,1448,1312,0,0,0,0,1,1080
19,20,2,9256,3208,25048,7088,1568,1048,2112,312,1392,0,0,0,1,0,768
20,19,1,9440,5856,33648,4776,2032,1560,776,1480,368,0,0,0,0,1,576
21,24,3,4128,4392,39024,6512,2288,1440,616,584,1472,0,1,0,0,0,640
22,18,3,9800,4880,39984,3784,1272,1072,1272,480,344,1,0,0,0,0,984
23,24,2,4656,2280,33680,3368,2784,1104,1744,904,480,0,0,1,0,0,1176
24,19,2,8496,448,36000,5848,1904,824,1904,592,664,0,0,1,0,0,1648
25,25,1,8432,4224,43888,6312,3200,648,1896,1120,1088,1,0,0,0,0,1352
26,20,2,5336,5520,28328,6096,1384,1480,672,1272,1096,0,0,1,0,0,728
27,20,1,6368,5640,44928,5312,2328,1432,904,1552,640,0,0,0,0,1,1184
28,24,3,7240,5368,33248,3552,1304,1048,1248,760,1024,0,0,0,0,1,1304
29,23,1,4248,3584,24792,5936,3152,1432,584,832,1384,0,0,0,1,0,1008
30,23,0,11408,24,47544,5416,2368,880,1240,840,208,0,0,1,0,0,1336
31,23,3,11720,2416,43336,3744,904,1520,2208,1320,1528,0,0,0,0,1,1608
32,24,1,4176,4440,41888,6880,1352,1064,1104,712,1200,0,1,0,0,0,1368
33,25,0,10704,880,44920,3744,2600,1264,1848,1464,640,0,0,1,0,0,1152
34,23,1,10904,2920,25776,5560,1480,1328,616,248,1288,1,0,0,0,0,1472
35,21,0,10624,2560,24720,5744,2032,744,1824,480,1432,1,0,0,0,0,832
36,22,3,10800,5400,31448,3696,2976,1176,2152,840,1520,0,0,0,1,0,1928
37,23,2,10472,2120,41280,4800,1424,1184,1936,432,1376,0,1,0,0,0,1328
38,21,2,7720,2008,42752,5560,1992,704,2384,768,248,1,0,0,0,0,624
39,20,2,4800,3136,45864,6328,2472,1424,1136,592,840,0,0,0,1,0,408
40,24,0,4840,944,45568,5224,1320,1512,936,664,1248,0,0,0,1,0,1344
41,25,3,6432,1120,42656,4136,2312,1176,1272,352,1016,0,0,1,0,0,1344
42,23,3,10192,3592,37112,6040,1096,440,1408,536,1400,0,0,1,0,0,1224
43,23,1,4072,7536,31664,4088,3128,1536,864,920,1128,0,0,0,0,1,1136
44,23,2,10280,7048,30584,5920,2024,1456,944,272,312,0,0,1,0,0,992
45,18,0,7432,2784,30832,4720,1632,1568,1304,928,440,0,1,0,0,0,1672
46,25,0,9304,1880,39608,4392,2088,688,2016,248,704,0,0,0,0,1,984
47,19,2,9560,5960,42152,7360,1336,456,1936,280,848,0,0,0,0,1,1384
48,25,1,8288,2080,33128,7344,976,688,720,1352,1096,0,0,0,0,1,1200
49,24,1,4704,1688,39000,4832,1304,808,1024,496,336,0,0,1,0,0,896
50,20,1,11016,5784,43312,6288,2840,1096,1160,1600,216,0,0,0,1,0,1080
51,21,0,11608,3832,43848,5288,1120,536,2344,296,1024,0,0,1,0,0,632
52,19,2,5352,5280,30584,6696,1544,920,1200,768,464,0,1,0,0,0,1488
53,18,0,10352,6544,32632,6448,920,776,632,856,504,0,0,0,0,1,440
54,24,2,7528,720,29504,7704,2976,1576,872,360,1584,0,0,0,1,0,944
55,22,3,9048,2496,33952,7408,2712,1136,968,728,1264,0,0,0,1,0,1904
56,24,0,6832,5600,38592,4200,1784,1160,2352,1528,1360,0,1,0,0,0,1104
57,20,3,9264,5224,24136,7680,1728,1544,2104,440,1128,0,0,1,0,0,808
58,25,3,5344,400,29200,3728,3016,1288,1440,1136,688,1,0,0,0,0,1120
59,20,1,5560,7760,37552,5008,2432,832,1784,744,1528,1,0,0,0,0,944
60,20,1,11000,5776,43112,3328,1056,1544,2088,368,344,0,0,0,1,0,752
61,23,1,8672,2520,41640,5768,1840,608,1496,1272,1152,0,0,0,1,0,960
62,18,2,5864,6704,41984,7816,2384,1312,2248,968,1344,1,0,0,0,0,1304
63,20,0,8488,7912,41552,3712,2960,464,992,320,1368,0,0,1,0,0,1352
64,19,1,10816,104,27224,3816,1152,656,648,448,640,0,1,0,0,0,1544
65,19,0,8736,4400,46728,7328,1200,1144,2096,1536,1416,1,0,0,0,0,952
66,24,0,7704,2936,30640,7064,2080,632,432,648,592,0,0,1,0,0,1592
67,21,1,9632,968,34088,3904,2264,888,1840,680,192,0,0,0,1,0,1368
68,23,2,9472,832,43040,7520,920,1480,888,240,1352,0,0,0,1,0,824
69,22,1,4496,5824,36480,7888,2448,840,1496,1560,272,0,0,1,0,0,1512
70,19,0,9744,7024,37144,3608,1872,1352,1904,808,304,0,0,1,0,0,1008
71,21,3,9880,6440,43536,5960,3120,1200,832,280,1048,0,1,0,0,0,1408
72,23,3,11392,2936,25760,5472,2624,944,784,1272,432,0,0,1,0,0,1848
73,22,0,9408,6432,34176,6888,2440,776,1480,832,536,1,0,0,0,0,1168
74,25,3,10672,648,31888,6984,1440,1488,704,696,264,0,0,0,1,0,672
75,19,2,11536,2832,42968,5864,1224,1328,688,1096,872,0,1,0,0,0,872
76,22,3,7864,6896,45200,5184,1272,1024,768,1200,1072,0,1,0,0,0,1768
77,24,3,7312,192,39048,4512,1192,440,1440,752,264,0,1,0,0,0,1664
78,22,2,7184,1240,43424,6944,1400,1032,1568,832,616,0,0,1,0,0,1504
79,23,1,9312,2856,41696,5048,2648,1000,1040,856,1568,0,0,1,0,0,1304
80,18,0,11872,4752,37088,4144,2392,592,976,1368,1544,1,0,0,0,0,1528
81,19,1,9016,6800,40832,4984,3080,752,2072,904,248,1,0,0,0,0,688
82,24,2,8840,5368,44008,6728,1880,1312,2016,1584,288,1,0,0,0,0,1952
83,19,0,10808,1248,36232,5424,1488,1424,776,1120,600,0,1,0,0,0,1032
84,22,0,7440,6144,24400,3920,2792,432,2224,1144,328,1,0,0,0,0,1048
85,25,2,10768,7456,45464,5744,3008,1216,1760,1160,664,0,1,0,0,0,1400
86,25,3,9920,352,31208,4944,2520,1416,1976,896,1104,0,1,0,0,0,832
87,25,1,5816,1144,32408,6720,2152,952,1384,1584,1000,0,1,0,0,0,1376
88,20,1,4976,7672,37656,3448,1872,1472,2360,1296,1416,0,0,1,0,0,1104
89,23,3,6400,7464,42432,3368,1152,776,1976,1464,736,0,0,1,0,0,1352
90,18,1,9592,4128,47672,6224,2080,656,1192,1008,496,0,0,0,0,1,1248
91,19,2,8048,3136,28208,3288,2856,872,520,1104,1160,0,0,1,0,0,1608
92,23,3,10360,7224,35384,6328,3176,1152,1496,1512,904,0,0,1,0,0,1104
93,18,3,9776,5000,33888,6896,1016,1440,1528,696,976,0,0,1,0,0,1448
94,18,2,11072,6400,38576,6472,1896,1392,1040,1480,832,0,1,0,0,0,744
95,18,1,8280,4104,26936,6080,1456,456,1328,1192,952,0,0,0,1,0,1120
96,20,0,11160,5784,41008,4408,2064,1040,1872,1376,624,0,0,1,0,0,1488
97,18,3,6136,3656,40768,6240,2648,1600,2120,1400,1264,1,0,0,0,0,928
98,24,2,7464,3616,37648,6296,1328,1088,2160,688,232,1,0,0,0,0,1400
99,23,1,6424,6368,27768,7448,2344,432,672,832,328,0,0,0,0,1,1600
100,22,3,10664,1848,26400,7768,2360,408,2072,1288,400,0,0,0,0,1,1480
101,23,2,8920,3496,42536,6544,2728,1088,448,304,848,0,0,0,0,1,1096
102,20,3,7360,1192,26928,5088,2360,1144,1096,1296,1424,0,0,0,0,1,1728
103,25,1,6240,760,47448,6072,1728,792,1536,840,776,0,0,0,0,1,464
104,21,1,7056,7296,44560,4440,2440,824,896,1296,1576,0,0,0,0,1,1120
105,21,2,7672,2064,25600,3712,2880,1224,1152,1288,1072,0,1,0,0,0,912
106,25,2,5984,3952,38312,3576,2824,1312,792,744,1376,0,0,0,0,1,824
107,21,1,6480,584,39072,5936,896,1384,2352,1288,1088,1,0,0,0,0,1592
108,20,3,7720,2576,39936,3464,1400,448,528,472,1040,0,1,0,0,0,1304
109,24,2,6272,4104,39248,6904,928,880,2112,1432,1280,0,0,0,0,1,1376
110,22,3,7760,4424,47152,5440,2752,1248,424,320,1248,0,0,1,0,0,1592
111,23,2,10792,6984,46928,5288,1640,1032,1536,576,808,0,0,1,0,0,800
112,19,2,6080,488,43432,6648,2144,672,2224,1480,480,0,0,0,0,1,944
113,21,0,5616,2184,39816,7248,3080,848,1640,1192,928,0,1,0,0,0,1512
114,21,1,5760,5400,42472,5288,2272,760,864,648,512,0,0,0,1,0,912
115,22,0,10288,6312,28944,7216,2744,1552,1368,1008,896,1,0,0,0,0,1088
116,22,3,9080,2088,38024,5032,2680,1344,1784,352,496,0,0,0,1,0,1384
117,18,2,8240,1920,24864,6872,3088,1176,2120,288,184,0,0,0,1,0,696
118,21,2,10120,5776,36632,6080,976,976,2000,1224,1472,0,0,0,1,0,656
119,24,0,9400,6424,45072,3552,2320,1360,2200,888,808,0,0,0,0,1,496
120,23,0,8664,80,42200,5120,1888,1224,1504,440,472,0,0,0,0,1,1192
121,24,0,11896,7520,25336,6120,1616,1168,1864,960,352,1,0,0,0,0,1344
122,25,1,10616,1568,40536,4904,2224,1432,1816,1296,832,0,1,0,0,0,1496
123,22,2,8760,1320,36256,6408,2024,1336,880,528,784,0,0,1,0,0,848
124,23,2,11680,3488,25840,6296,3016,1408,2392,672,344,1,0,0,0,0,1560
125,20,0,10832,3416,29528,4120,1792,960,1120,1472,1416,0,0,0,1,0,936
126,20,3,6688,4960,34488,4672,2408,1280,1144,960,424,1,0,0,0,0,1096
127,22,1,9696,4232,32096,7176,3200,424,2272,952,840,0,0,0,1,0,1640
128,20,2,11864,2216,27304,4432,1456,1104,1280,592,1520,0,0,0,1,0,856
129,22,3,7984,7480,43360,4128,2376,768,2008,872,504,0,1,0,0,0,1656
130,22,2,7080,2600,35112,7256,2536,1152,1944,1248,648,1,0,0,0,0,1904
131,25,2,5808,2664,30832,5904,1416,1560,936,240,400,0,0,0,1,0,1352
132,25,1,8296,7920,39080,3848,2936,1040,1200,736,176,0,0,0,0,1,904
133,22,0,11648,7944,27016,5864,1608,752,472,616,776,0,0,0,1,0,1256
134,24,1,5408,1464,33032,4800,1080,600,1600,1312,1064,0,0,1,0,0,376
135,24,2,4568,1720,44632,3392,1064,1192,2200,1384,872,0,0,0,0,1,696
136,23,1,9704,6088,47552,6144,1968,1568,1584,1440,320,0,1,0,0,0,960
137,24,3,8896,4376,42440,3984,2856,1360,1104,736,1576,0,0,0,0,1,1408
138,18,3,8800,4280,38672,4744,1608,1576,1424,1584,360,0,0,1,0,0,1088
139,21,3,4208,3000,34232,5976,1272,1464,704,464,864,0,0,0,0,1,704
140,22,1,7608,1616,25376,6544,1264,544,976,376,768,0,1,0,0,0,1112
141,23,3,10408,1304,45568,7192,936,408,1224,560,1200,0,1,0,0,0,352
142,25,1,8824,40,47680,5408,3000,1192,1696,1320,1352,0,0,0,0,1,872
143,24,2,8664,3728,45536,5152,888,640,864,520,584,0,1,0,0,0,944
144,23,2,6880,376,24456,4912,1880,920,1808,752,1008,0,0,0,1,0,1144
145,18,2,10832,7056,26728,7752,2784,600,1608,928,1424,1,0,0,0,0,1136
146,23,2,7016,6776,38144,3720,1768,768,752,1128,512,1,0,0,0,0,896
147,21,0,5192,4616,24368,7448,1792,1288,1704,1080,1440,0,0,0,1,0,832
148,24,3,7176,1760,37240,6392,2864,1000,1248,1416,368,0,1,0,0,0,824
149,21,0,9176,6976,29672,4648,816,1504,2184,1008,1328,0,0,0,0,1,1360
150,23,2,10936,4848,44616,7328,2080,624,1784,984,1592,1,0,0,0,0,1728
151,21,0,5176,3056,39544,6456,1192,488,1528,816,856,0,1,0,0,0,1296
152,21,2,5248,5800,26880,7448,2632,1504,816,472,1584,0,0,0,1,0,1696
153,19,1,9048,2520,25552,3744,2624,1416,528,1288,960,0,0,1,0,0,760
154,19,0,10552,6424,33280,5416,1272,584,864,1400,248,0,0,0,0,1,1424
155,22,0,7336,6848,40080,3472,1024,1472,920,488,528,0,0,1,0,0,1016
156,19,3,6976,1648,42472,7552,1856,1328,536,1336,688,1,0,0,0,0,976
157,20,3,7208,920,27104,5896,2360,672,1168,800,744,0,0,1,0,0,1168
158,18,1,4288,4280,44376,5408,2040,656,2016,1280,632,0,0,0,1,0,1304
159,25,2,4048,7448,32696,7984,2008,1400,608,1216,448,0,0,0,0,1,1312
160,23,1,9608,5080,29984,3672,2328,448,2320,1080,1048,0,0,1,0,0,1448
161,25,2,9512,384,44544,6520,1272,632,728,752,296,0,1,0,0,0,1448
162,23,1,4368,3096,31120,5976,2256,1120,536,600,1448,0,0,1,0,0,584
163,19,2,9448,7912,25296,4472,1568,1096,1992,1072,1600,1,0,0,0,0,848
164,18,3,6480,2336,31624,6168,2720,408,1064,464,904,0,0,1,0,0,1664
165,19,0,6840,3176,32224,5064,3200,1168,616,1224,976,0,0,0,1,0,1520
166,23,3,10832,136,47288,5048,3080,1280,1800,1384,480,1,0,0,0,0,528
167,20,0,8448,6888,43464,3240,1464,1552,1152,856,176,0,0,0,0,1,1016
168,19,0,4960,1720,39848,5632,1944,1576,1536,288,1576,0,0,1,0,0,1744
169,24,0,9656,2712,34888,5104,1608,1144,688,1112,880,0,0,1,0,0,1128
170,21,3,4968,3648,47144,7680,1592,992,1544,1424,544,0,0,0,0,1,1304
171,25,2,8264,512,33992,4136,832,512,1872,504,832,0,0,0,1,0,1576
172,19,0,5776,16,29608,3600,816,656,1032,1488,1000,0,0,0,0,1,824
173,20,0,10432,608,28512,6776,1440,736,904,272,904,0,0,0,0,1,1232
174,21,1,7296,7760,27392,7928,2784,1448,1400,320,1472,1,0,0,0,0,1632
175,23,3,7704,6968,39608,6224,2024,840,1480,1312,1280,1,0,0,0,0,1360
176,18,1,10288,4944,24120,7400,824,1032,1720,344,840,0,0,0,1,0,1144
177,18,0,8832,1440,37224,5464,2896,1480,728,792,512,0,0,1,0,0,1360
178,23,2,5576,7416,30048,5872,3152,1536,1976,552,1560,0,0,1,0,0,1224
179,21,0,9840,7744,34032,4320,2280,792,616,696,344,0,0,0,1,0,1264
180,25,1,10760,5192,31112,7352,2488,1064,552,1272,1296,0,0,0,1,0,1720
181,20,1,11288,4136,24592,6992,1208,616,2240,456,1408,1,0,0,0,0,520
182,24,0,10840,2256,47984,4936,2488,632,2032,1048,1312,0,0,1,0,0,864
183,24,1,4864,7344,32448,4544,2688,1488,2008,1328,1136,0,0,1,0,0,1368
184,22,2,4528,3840,28336,6672,2880,512,1808,1056,960,1,0,0,0,0,1072
185,25,1,10480,7856,36384,6696,1752,480,2080,240,1368,0,0,1,0,0,1064
186,24,3,10832,416,25352,6792,2680,480,808,1560,1000,1,0,0,0,0,976
187,23,3,8160,136,37160,7544,2440,1248,2320,616,504,0,0,1,0,0,1408
188,24,2,11152,6968,35600,3328,2144,1064,1376,1008,1480,0,0,0,1,0,720
189,22,3,7632,2696,46048,5736,1272,1560,1232,1280,680,0,0,0,0,1,1312
190,21,2,11584,6352,31672,4992,1368,1376,1648,1456,1264,1,0,0,0,0,1184
191,21,3,7744,64,32624,5360,864,448,2176,512,1208,1,0,0,0,0,736
192,19,0,11600,6472,32824,6760,2040,712,1464,680,880,0,0,1,0,0,1560
193,22,0,10528,7504,34528,7624,1224,1432,1472,1208,1096,0,1,0,0,0,1368
194,24,0,7232,7640,32600,7000,2480,1576,1792,1488,808,0,1,0,0,0,1392
195,23,1,11904,616,43344,4360,896,1544,2056,1344,688,0,1,0,0,0,680
196,20,1,7144,2064,47016,3752,1048,1536,1000,1408,592,0,0,0,0,1,1256
197,21,0,4216,6808,35712,5464,3120,1552,1504,1344,1544,1,0,0,0,0,1536
198,24,2,6432,5120,24344,7416,2776,1336,1648,752,1352,1,0,0,0,0,1192
199,25,1,4376,1864,40560,5064,1312,752,1888,928,296,0,0,0,1,0,1184
200,19,0,4184,7136,37464,3504,1440,520,1536,736,1056,0,1,0,0,0,1336
201,24,2,8320,7760,42344,5608,2584,776,1360,720,512,0,0,1,0,0,1240
202,24,0,7344,2184,24096,6072,904,1448,1808,1240,1592,0,1,0,0,0,1440
203,23,1,4032,6200,33056,7976,1896,552,496,1560,1560,1,0,0,0,0,1352
204,24,2,9624,920,25872,6864,1992,1256,2224,528,392,0,0,1,0,0,1808
205,20,2,7608,2232,32032,3624,2928,968,1656,1032,976,0,0,0,0,1,1088
206,24,3,6856,4664,31512,4696,1176,1008,784,552,1144,0,0,0,0,1,1616
207,19,2,6496,4312,25528,5952,864,1512,1632,696,272,0,0,0,0,1,896
208,18,3,4320,5192,41504,5968,1384,1176,824,584,944,0,1,0,0,0,1344
209,19,1,7112,3864,24056,5384,1800,904,2048,1368,1400,0,0,0,0,1,1504
210,18,0,7936,5440,45744,4264,1928,672,1128,1368,408,0,0,0,0,1,1168
211,21,1,6080,6952,29696,4536,2328,752,440,1320,352,1,0,0,0,0,1904
212,25,3,9592,7968,38920,4264,1656,984,2048,1512,1536,1,0,0,0,0,1440
213,20,1,4624,3680,39144,3904,1112,1344,1416,1464,736,1,0,0,0,0,1576
214,24,2,7952,7520,39080,3896,1144,432,616,528,176,0,0,1,0,0,1016
215,18,1,4416,3848,42496,7496,2456,616,1016,368,616,0,0,1,0,0,584
216,21,1,11552,6336,46928,4856,3168,1512,472,632,624,0,1,0,0,0,1248
217,19,1,9624,4400,26256,5232,1456,864,736,1456,1024,0,0,0,0,1,1480
218,25,3,11848,400,39184,7856,1256,1296,1800,792,1328,0,1,0,0,0,848
219,25,3,5600,1392,42544,6768,1648,864,1760,1352,1136,0,0,1,0,0,744
220,25,1,8696,3320,42256,4024,1240,1488,864,1128,1600,0,0,1,0,0,496
221,23,2,5376,5592,36160,3480,1224,1440,1984,1560,656,0,0,1,0,0,1048
222,21,3,6600,7056,34456,4712,1448,432,2128,272,1408,0,1,0,0,0,1344
223,24,3,8264,2136,47976,6448,2992,688,1112,1224,616,0,1,0,0,0,872
224,25,0,6192,2000,42448,7536,2592,584,736,640,528,0,0,0,1,0,1472
225,23,1,10920,5952,24528,7488,2120,416,2336,1024,920,0,0,0,1,0,1048
226,25,3,6480,6608,29672,7504,1648,1440,1320,880,784,0,0,1,0,0,1016
227,22,3,6848,264,43360,7736,3128,896,2352,728,1112,0,0,1,0,0,912
228,21,2,7880,4688,34760,3848,880,1128,2160,1552,1568,0,0,0,0,1,1160
229,22,1,7352,2952,36792,6304,952,1360,776,512,1480,1,0,0,0,0,1264
230,18,3,5096,1040,41216,4472,2720,496,1952,1576,336,1,0,0,0,0,912
231,20,0,7152,2616,28280,5512,1704,1016,1144,648,408,0,0,1,0,0,1328
232,22,2,6992,4488,27616,4032,2392,888,832,360,496,0,0,1,0,0,1472
233,22,1,6800,5592,25440,6216,1568,816,1536,384,848,0,1,0,0,0,1384
234,24,1,7032,6920,45944,7368,1992,1512,896,480,1064,0,0,0,1,0,1456
235,24,1,6488,2768,28216,6360,2464,848,2392,888,1216,0,0,1,0,0,1192
236,21,3,6472,6144,32632,4040,1488,1408,1552,1544,728,0,1,0,0,0,1208
237,18,2,4768,2528,43952,4536,2464,432,2224,1072,168,0,0,0,0,1,1560
238,25,3,6848,816,29176,4000,2728,984,1664,464,168,0,0,1,0,0,1264
239,25,2,7088,1144,27912,5408,1752,488,1424,368,1504,0,1,0,0,0,1552
240,24,3,9640,5720,46248,3424,2768,1520,456,1456,1064,0,0,0,0,1,520
241,21,0,10824,3552,34744,4976,2728,1584,1888,480,1368,1,0,0,0,0,1200
242,22,1,10144,7088,39680,7336,800,424,1824,992,1408,0,1,0,0,0,1312
243,23,3,8896,40,30984,5896,1504,808,584,1520,1272,0,0,0,0,1,976
244,20,1,9648,5112,41688,5760,2904,528,1216,416,240,0,0,0,1,0,1752
245,24,1,9272,3720,25224,7128,1808,440,2272,328,704,1,0,0,0,0,832
246,19,3,10000,904,38872,4168,2440,736,552,864,928,1,0,0,0,0,1352
247,20,0,8960,2616,44072,5360,960,1040,2136,304,504,0,1,0,0,0,984
248,24,2,10216,4160,37648,4304,2992,1464,1968,1216,368,0,1,0,0,0,1232
249,19,0,11536,3704,42272,4296,2456,1256,2088,1424,920,0,0,0,0,1,792
250,24,1,6208,128,34824,3680,2864,760,1424,1384,1344,1,0,0,0,0,704
251,21,3,6400,2488,29128,3504,2648,480,2024,360,624,1,0,0,0,0,504
252,18,1,8624,7280,43328,4056,1856,1400,1088,1248,416,0,1,0,0,0,1472
253,20,1,11232,5976,31360,6080,1896,832,920,600,448,0,1,0,0,0,880
254,21,1,8776,560,34040,3576,808,1000,608,296,752,0,0,0,0,1,1416
255,22,0,6680,1952,24784,6672,3040,760,1424,808,880,1,0,0,0,0,720
256,18,2,6040,6056,25768,6560,2408,1008,2272,792,888,0,0,1,0,0,1184
257,19,0,8696,1064,41360,6976,1064,688,1584,1336,256,0,0,0,1,0,1088
258,23,3,7448,7600,24096,5088,2632,1496,1968,1544,968,0,1,0,0,0,1896
259,20,3,7864,2568,39296,6088,2800,1416,1648,504,1432,0,0,0,0,1,1072
260,21,3,5112,6832,33280,5408,1392,856,1848,1536,1352,0,0,0,1,0,952
261,20,1,4216,3504,33848,7688,1696,480,640,1296,320,0,0,0,1,0,704
262,24,1,5952,5328,39440,6824,1072,920,2048,936,272,0,1,0,0,0,1440
263,21,0,8944,2936,30568,7648,2296,896,1176,1192,400,0,0,1,0,0,1256
264,22,2,10208,4848,30472,7760,992,776,880,1088,336,0,0,0,1,0,1416
265,25,1,7040,6904,38168,7224,2328,800,1736,1312,408,0,0,0,1,0,1304
266,23,0,11392,7096,37160,6832,1120,1160,400,912,1224,0,0,0,1,0,568
267,22,2,10208,4000,28544,6280,2704,1152,1384,784,872,0,0,0,0,1,1240
268,19,1,5576,7544,47664,6592,2192,1600,2144,1400,768,0,1,0,0,0,696
269,23,2,11032,4000,29320,7568,912,1144,664,904,880,0,1,0,0,0,896
270,20,0,11728,7816,43200,5584,2264,1080,1368,240,680,0,1,0,0,0,1848
271,24,1,9008,5192,28520,3864,2072,504,520,320,688,1,0,0,0,0,800
272,23,2,9008,72,44280,8000,1648,1080,2360,960,584,1,0,0,0,0,1320
273,21,2,4944,7328,39616,3672,1536,1160,976,1200,904,1,0,0,0,0,1336
274,22,1,6280,2424,27960,3256,1960,512,752,832,1472,1,0,0,0,0,1032
275,18,2,6160,4432,28280,3744,1368,832,592,1528,1456,0,1,0,0,0,776
276,25,3,11448,6848,41728,4224,3016,1240,936,992,1384,0,0,0,0,1,1640
277,18,0,10704,3928,31640,6248,800,1112,1336,1192,1096,1,0,0,0,0,1224
278,25,3,8968,6352,28136,3256,2904,808,1344,808,992,0,0,0,0,1,720
279,24,0,9960,5400,46664,7552,1560,856,1328,1592,976,0,0,0,1,0,1392
280,20,2,5984,1784,26744,7352,800,1136,824,1592,696,0,1,0,0,0,1096
281,20,1,11112,3816,28880,6488,1216,728,1368,768,248,1,0,0,0,0,920
282,19,1,8976,6320,47752,6720,2920,832,1608,456,1344,0,0,0,1,0,1296
283,23,2,8904,7640,43648,6184,2792,1424,1600,1080,1016,0,0,0,0,1,1704
284,20,3,7032,4376,40440,3256,1352,840,1904,656,1376,0,0,1,0,0,1216
285,18,0,11912,1616,37680,7368,808,1496,1968,768,1544,0,0,1,0,0,1344
286,22,0,6952,680,46928,6032,3032,1016,2208,296,840,1,0,0,0,0,1400
287,23,1,11048,4160,40528,4992,2848,520,848,520,408,0,0,0,0,1,1112
288,21,3,10600,5880,32096,7040,2160,1600,1984,816,1256,1,0,0,0,0,1744
289,20,2,4648,3936,29640,3584,2544,912,1720,1504,800,0,0,0,0,1,1712
290,22,2,5552,1960,33120,5536,3184,736,1976,1080,224,0,0,0,1,0,936
291,24,3,4920,4504,27112,3224,1600,872,1864,512,1224,0,0,1,0,0,1792
292,25,3,11152,4152,39984,7032,1776,672,768,808,888,0,0,1,0,0,704
293,25,0,6400,1784,46936,6624,2384,752,1832,384,568,1,0,0,0,0,1664
294,20,2,7304,5072,28328,5344,3000,1496,720,1064,1600,0,0,0,0,1,1288
295,19,3,9944,7056,44560,4592,848,1520,2112,752,656,0,0,0,0,1,1456
296,20,3,5240,5480,24920,3848,2160,1256,896,640,784,0,0,1,0,0,952
297,18,0,5336,5176,37096,7248,1800,984,712,264,1096,1,0,0,0,0,936
298,24,2,11664,56,41144,4040,2632,1120,648,392,1584,0,0,1,0,0,1624
299,22,3,7400,2800,35560,4232,1816,408,464,1464,592,1,0,0,0,0,1248
300,21,2,8840,280,32912,3336,2464,1424,2288,672,1112,0,0,1,0,0,1856
301,18,1,5896,3920,44176,6064,1080,1280,2248,1184,896,1,0,0,0,0,1160
302,25,0,11960,7136,44200,6136,1456,776,1568,432,168,0,1,0,0,0,1320
303,20,2,10384,7768,40016,5736,1992,504,1760,640,208,0,0,1,0,0,896
304,21,3,10176,6272,29664,6480,2912,720,728,1168,1200,0,0,0,0,1,792
305,19,2,4088,6600,43064,7336,1608,1216,1952,600,1008,1,0,0,0,0,1512
306,21,3,9288,4528,41424,5224,3048,1240,1664,1112,1392,0,0,0,1,0,1288
307,21,2,8896,7544,46656,7048,2336,744,536,816,1256,0,0,0,0,1,1736
308,25,1,7664,3608,47592,5240,1304,624,624,608,1408,0,0,1,0,0,1632
309,25,1,9408,1488,32352,4920,2552,744,1472,488,296,0,0,0,1,0,1136
310,20,2,5816,3608,26600,4560,2024,608,1832,768,776,0,0,0,1,0,832
311,25,2,11864,6608,24384,5864,1088,824,2256,880,480,1,0,0,0,0,1088
312,24,1,7048,776,39072,6856,2720,1328,2384,920,304,0,1,0,0,0,528
313,21,0,10776,5072,46128,4496,3184,1072,864,1296,272,0,0,0,1,0,792
314,22,0,5800,1056,35816,6576,1200,488,1632,1064,760,0,0,0,0,1,1776
315,18,3,8000,2160,33368,6872,1552,1112,744,1480,1216,1,0,0,0,0,1336
316,24,3,6360,4640,33008,3632,1808,1056,1264,1064,1056,0,0,0,1,0,1512
317,18,2,6952,3576,31696,3328,2952,896,1280,592,344,0,0,1,0,0,760
318,24,0,4344,1416,38584,7808,2360,1224,1144,944,1376,1,0,0,0,0,1144
319,25,3,11760,3224,44488,5632,1424,832,648,1120,912,0,0,1,0,0,688
320,19,0,5872,6704,35528,3496,1480,632,1192,960,424,0,0,1,0,0,1200
321,20,0,5352,5104,47432,4704,2320,1408,1592,520,1192,0,1,0,0,0,776
322,19,1,10688,3336,36264,6472,2144,1048,2312,904,960,0,0,0,0,1,1472
323,21,3,11488,3480,43312,5984,2192,712,1928,944,904,0,0,1,0,0,904
324,21,0,10712,6216,42336,4072,1960,904,2376,1248,328,0,0,0,1,0,1184
325,18,0,4872,1608,35816,7440,2080,1424,1104,1032,416,1,0,0,0,0,1448
326,21,3,8288,1352,36656,3408,1648,1512,472,840,984,0,0,1,0,0,1680
327,25,2,10472,6720,44600,7384,2056,920,1888,312,624,0,0,0,1,0,784
328,25,3,11768,4168,35104,4032,2728,904,1728,624,288,0,0,0,1,0,808
329,19,0,5264,3896,28632,5640,2336,1376,1672,544,168,0,0,0,1,0,560
330,19,1,5472,5824,43256,7624,1296,856,2080,1328,1344,0,0,0,1,0,944
331,20,3,7256,3744,26864,7016,1216,1360,1408,1264,1496,0,1,0,0,0,728
332,18,0,6768,5368,38616,7424,2048,488,1280,1064,1144,0,1,0,0,0,784
333,18,3,9400,7704,43688,3984,1744,648,2368,1144,192,1,0,0,0,0,688
334,25,0,5272,7144,46696,6936,1136,616,1472,1328,1120,1,0,0,0,0,1472
335,18,3,11904,3936,41480,3600,1216,960,2056,400,312,0,0,1,0,0,1376
336,22,2,9520,1552,40856,3864,2392,1432,1152,1360,952,0,0,0,0,1,784
337,19,1,5936,4344,42304,6176,1000,1296,752,904,568,0,0,0,0,1,1416
338,23,0,7312,5304,26120,6472,1400,480,1080,1552,1232,0,0,0,0,1,816
339,19,0,11880,424,29272,5208,1768,1584,2344,456,1368,1,0,0,0,0,1808
340,20,1,4656,5424,33520,5776,896,1504,552,1048,1176,1,0,0,0,0,1592
341,19,1,11744,3320,38112,4904,920,1256,616,448,936,0,0,0,1,0,952
342,25,3,8168,744,30040,4096,832,1504,1464,1024,272,0,1,0,0,0,1328
343,24,0,6080,2248,37816,6576,3152,704,1280,1504,648,0,1,0,0,0,784
344,24,0,7752,2968,30168,7112,2688,472,1608,592,600,0,0,1,0,0,992
345,23,2,7920,3448,30768,4752,2640,712,656,1056,1000,1,0,0,0,0,1008
346,23,3,10432,3656,33920,7024,888,1320,960,992,216,0,0,0,1,0,1312
347,23,3,6440,0,38072,3272,2040,808,712,920,1032,1,0,0,0,0,752
348,25,2,9432,1784,32464,7616,2720,944,1392,328,1416,0,0,0,1,0,1376
349,18,2,4584,2392,24024,7024,1832,1048,424,1456,1520,0,1,0,0,0,1168
350,25,2,6744,32,39248,6952,1808,1568,2312,464,1184,0,0,0,0,1,1440
351,23,1,8680,6360,24448,4008,1360,1088,1536,712,304,1,0,0,0,0,928
352,23,0,4640,6168,30312,5656,2576,1360,632,1504,856,1,0,0,0,0,1512
353,25,3,7800,5040,38280,5544,2528,1416,1864,1192,256,0,1,0,0,0,1464
354,23,2,4816,4864,36336,6640,3024,664,1328,1160,1280,0,0,0,0,1,1480
355,23,2,8824,6984,38088,5368,3152,968,944,952,920,0,0,1,0,0,1272
356,20,0,6528,1864,31272,7592,1088,1320,2200,1464,256,0,0,0,0,1,712
357,24,0,8128,1608,40336,4848,1136,432,1296,320,672,0,0,0,1,0,1360
358,23,1,7752,2616,27592,4128,2496,1456,1488,936,1312,0,0,0,1,0,552
359,21,1,7344,6648,47472,7592,3128,648,2200,1128,1272,0,1,0,0,0,1480
360,23,2,7856,1656,35176,5680,1272,944,1800,520,552,0,1,0,0,0,1568
361,25,1,8168,7296,47832,6280,2344,688,1080,816,576,0,1,0,0,0,624
362,22,3,4168,7072,45608,7328,2736,1400,456,896,216,0,0,0,0,1,1056
363,24,0,11552,7048,29768,3664,2152,560,1456,648,1040,0,1,0,0,0,976
364,21,3,5168,3896,33744,6576,992,592,544,840,384,0,0,0,0,1,1192
365,21,0,10368,1064,29824,3712,1696,1472,1584,888,1080,0,0,1,0,0,1000
366,18,0,10880,1776,46072,6480,1312,1224,1440,1416,1144,0,0,1,0,0,1272
367,19,2,8984,40,43256,3232,2760,976,1720,1368,1520,1,0,0,0,0,744
368,18,2,8160,592,46696,4416,984,1104,2136,1304,240,0,0,0,0,1,1288
369,21,0,5888,5024,30056,5944,2048,1440,1824,352,488,0,1,0,0,0,1472
370,23,2,7448,2576,46920,3920,1240,1168,904,1136,1112,0,0,1,0,0,1392
371,24,2,11544,7856,30456,6512,2912,1352,816,1544,1016,0,0,0,0,1,1168
372,22,0,5840,2992,27864,5400,1840,544,1248,944,1448,0,0,0,1,0,1568
373,25,2,4488,6072,33832,6248,1176,704,912,1136,448,0,0,1,0,0,1200
374,25,3,9696,4928,46936,5824,3024,520,2312,280,600,0,0,1,0,0,1368
375,25,0,10256,3328,46592,4752,2472,968,1872,832,960,0,1,0,0,0,1192
376,21,0,11504,2912,41064,4936,3136,1016,1232,1360,1392,1,0,0,0,0,520
377,18,2,5616,4248,39208,3976,1896,1200,1800,984,1040,0,0,0,0,1,864
378,20,2,11464,6112,40016,4712,3176,408,568,384,896,1,0,0,0,0,1880
379,25,0,11552,4336,37440,6632,1656,976,1016,344,552,0,0,0,0,1,1168
380,22,1,4288,3872,46424,3304,2608,832,1576,1336,1256,0,0,0,0,1,1344
381,18,0,10080,544,28880,5096,2368,688,1840,1464,1096,0,0,0,1,0,832
382,18,0,5608,2720,25880,7752,2696,520,1352,1288,1272,1,0,0,0,0,1696
383,18,0,10472,1152,27352,5824,1368,928,992,608,624,0,0,0,1,0,1536
384,18,3,6736,3928,36656,3784,1616,1248,2160,536,624,0,0,1,0,0,1608
385,24,0,4936,6904,30360,6696,1848,1216,1768,1040,848,0,1,0,0,0,920
386,21,1,9072,3920,46912,5712,2960,768,536,1520,192,0,0,0,1,0,1568
387,23,3,7936,1936,33680,3960,1496,912,1232,1072,1432,0,0,0,0,1,1824
388,18,0,11264,4576,34168,3816,2560,624,1304,368,192,0,0,1,0,0,1848
389,21,2,10944,7520,25872,3240,2672,472,1080,1520,176,1,0,0,0,0,720
390,22,2,5728,1256,32448,6312,2864,1488,1400,1352,872,0,0,1,0,0,1216
391,22,0,9792,4648,42472,7488,2112,440,1552,632,208,0,0,0,0,1,1384
392,19,2,10792,6304,34184,3368,848,1280,1880,1456,344,1,0,0,0,0,1024
393,24,3,6416,4416,25168,5792,1704,760,2136,432,984,0,0,0,1,0,1384
394,18,2,7784,2544,28800,7304,3000,1464,1032,528,1184,0,0,0,0,1,1728
395,19,2,5888,5280,47560,3824,2736,600,856,752,456,0,0,0,1,0,736
396,22,2,4568,3984,31176,5184,1448,448,2296,632,880,0,0,0,1,0,1144
397,25,3,6664,448,25064,4920,1176,720,1184,336,968,0,0,0,1,0,888
398,22,0,5704,3056,32928,4736,2632,960,1840,456,1224,0,1,0,0,0,792
399,20,1,10144,3800,47200,5288,2112,1256,1336,1392,352,0,0,1,0,0,720
400,19,0,6552,4920,40600,6864,1224,1600,1112,1232,352,1,0,0,0,0,1328
401,18,2,10144,2592,30304,3864,2712,1272,1696,1384,624,0,0,1,0,0,616
402,18,2,11888,5640,32344,5288,1424,512,1152,920,208,0,0,0,1,0,1192
403,24,0,8040,4288,31552,5496,2096,1184,1168,1552,640,0,1,0,0,0,1528
404,25,2,9640,6696,24112,4744,1464,1136,1672,1160,624,0,0,1,0,0,1088
405,24,2,10848,6864,41096,5976,872,1360,1048,680,960,0,0,0,1,0,688
406,22,2,6536,4440,46032,5728,3056,1080,1504,1464,328,0,0,0,1,0,400
407,22,3,5648,600,32640,6992,1112,1464,1088,1312,872,1,0,0,0,0,704
408,18,1,8816,3920,46824,5352,1840,976,2208,552,1120,0,0,1,0,0,920
409,22,3,10232,7184,31840,3768,2120,1184,1056,1536,1256,0,0,0,1,0,840
410,18,3,11656,7984,33856,7656,3000,1112,1568,280,440,0,0,1,0,0,1376
411,21,0,10448,296,39544,4552,2608,800,1968,384,632,0,0,0,0,1,1408
412,25,3,10472,3464,36504,3960,2472,1216,2048,296,744,0,0,0,1,0,1464
413,19,0,11856,5640,39784,3464,2352,1152,1336,1040,768,1,0,0,0,0,1664
414,23,3,11744,2664,38760,4504,856,592,984,784,1384,0,0,1,0,0,1144
415,25,3,6952,816,28448,4352,3096,1288,1304,744,1032,0,0,1,0,0,1024
416,18,1,7088,7336,43584,6464,1240,1352,1032,1016,1560,0,0,1,0,0,672
417,19,0,11544,6648,34312,4088,1520,1216,1424,1168,824,0,0,1,0,0,1192
418,23,0,6128,760,38256,7040,2032,1392,1264,1256,776,1,0,0,0,0,784
419,22,2,11224,248,36760,6088,2648,1432,2184,1432,448,1,0,0,0,0,1312
420,24,0,10976,6424,32640,3456,3088,1472,1984,712,488,0,0,0,1,0,1184
421,23,0,11424,4776,43960,6528,2656,1016,744,1304,480,1,0,0,0,0,976
422,19,1,10424,480,36120,4088,3096,1432,2088,280,1232,1,0,0,0,0,1344
423,20,3,4576,6584,47032,3504,2880,576,2120,384,240,0,0,1,0,0,1000
424,23,1,4464,1552,37184,6920,1464,480,2120,336,1336,0,0,1,0,0,1328
425,23,1,8392,3808,47776,5304,928,1296,1616,688,504,0,0,0,1,0,1048
426,18,0,7384,864,29120,3272,3072,936,1216,688,1024,0,1,0,0,0,1152
427,18,0,4968,280,46232,4464,2016,872,784,424,800,0,0,0,1,0,1064
428,21,1,5280,2784,45512,5848,984,704,1488,312,208,0,0,1,0,0,1048
429,21,0,4224,736,30904,7192,1016,1472,1560,1000,1072,1,0,0,0,0,608
430,23,0,5120,4944,29752,4104,1560,1152,1200,1536,720,0,0,0,0,1,768
431,18,2,11416,4584,34456,6376,1792,1288,1272,696,160,0,1,0,0,0,1168
432,18,3,4216,3240,36616,4256,1064,1072,1312,264,1016,0,1,0,0,0,896
433,25,0,10360,6296,36728,6112,2864,1136,1952,600,904,0,0,0,0,1,1584
434,23,3,9752,3928,41192,4408,1344,1008,1624,664,280,0,0,1,0,0,864
435,24,2,7672,5568,25600,4744,2544,1504,2280,432,816,0,0,0,1,0,1912
436,18,3,11864,7960,30160,4552,2624,1272,2272,1544,160,1,0,0,0,0,1744
437,19,3,5168,7888,45600,6856,2472,616,1392,1008,1224,0,0,0,0,1,1312
438,23,2,6544,2824,41392,5296,1776,1280,1544,1416,1328,1,0,0,0,0,1008
439,18,2,10144,4784,27184,3864,2432,952,2088,856,1376,0,0,0,1,0,1032
440,22,0,4504,2760,37704,7624,1992,1448,2184,320,976,1,0,0,0,0,864
441,21,0,10024,3712,40768,3232,2224,1424,712,1288,808,0,0,0,0,1,1016
442,18,3,6328,5912,44808,5024,2152,928,1432,528,1088,0,0,0,1,0,904
443,22,3,6776,7712,26992,7992,3000,1320,1440,240,1000,0,0,0,0,1,760
444,24,1,5344,288,47696,5080,2240,1328,1528,920,328,0,0,1,0,0,1560
445,24,0,8176,7064,25392,6656,968,1096,744,376,1360,0,1,0,0,0,952
446,20,2,5800,5632,25448,3520,2904,680,1512,1520,264,0,0,1,0,0,776
447,24,1,5864,1152,28448,3416,1712,568,2368,1256,1256,1,0,0,0,0,1672
448,18,0,5472,5960,36552,7072,2576,1120,1608,1056,1312,0,0,0,1,0,952
449,20,2,4832,3952,26608,4976,1728,1128,2144,448,1096,0,0,0,0,1,1504
450,23,3,10768,664,45008,6392,960,1000,496,280,592,0,0,0,1,0,1496
451,23,1,11712,6000,31256,3944,2912,488,704,904,1528,1,0,0,0,0,928
452,18,3,10064,2664,41512,4296,2960,1560,1008,1000,568,0,0,0,0,1,1128
453,22,0,7400,3808,30040,5744,1816,640,1480,280,344,0,0,1,0,0,1264
454,18,3,7416,7040,45720,5984,1736,1168,1760,1296,304,0,1,0,0,0,1144
455,20,0,9840,7736,30272,3440,1728,440,1368,416,1296,0,0,0,1,0,1312
456,23,0,11496,6216,44176,6816,3000,792,1560,424,544,0,0,0,0,1,1368
457,21,3,7912,1264,31304,7352,3016,1272,2392,464,1408,0,1,0,0,0,1240
458,19,2,7280,5792,47072,3376,2920,1312,2064,1216,192,1,0,0,0,0,1440
459,18,0,10584,3528,26984,5608,2952,480,2208,304,1112,0,1,0,0,0,976
460,20,3,5344,264,32536,3624,1944,672,2352,400,792,0,0,0,1,0,1632
461,25,2,8032,3720,45320,6680,1008,1432,1904,632,832,1,0,0,0,0,600
462,21,1,11320,4488,24664,7736,2776,912,1328,1296,960,0,0,1,0,0,1040
463,18,0,7584,5912,30392,6496,2752,888,1992,856,344,0,0,0,1,0,1864
464,21,1,8080,1984,25168,7776,2848,1360,616,992,800,1,0,0,0,0,968
465,19,3,6984,4392,31096,3384,888,960,2040,1096,240,1,0,0,0,0,1472
466,19,3,7368,1184,32584,5416,1696,624,1128,1288,552,0,1,0,0,0,680
467,19,0,11672,2280,36088,4952,2392,1160,760,280,1360,0,0,0,1,0,1336
468,25,0,5376,1704,31840,3360,2896,512,1608,816,664,1,0,0,0,0,1472
469,23,2,11688,2392,34680,4000,960,520,664,432,856,0,0,0,1,0,992
470,24,2,11936,5152,35960,3744,1872,608,1272,1256,528,0,0,0,0,1,1104
471,19,2,5016,7960,46904,7496,1504,1416,936,1376,1440,0,1,0,0,0,1872
472,23,0,7688,696,46552,6248,3144,448,1168,504,384,0,1,0,0,0,1200
473,22,2,7632,1072,27640,5312,2656,1464,1440,360,544,0,0,0,1,0,840
474,20,1,11888,7664,46744,6056,952,1080,656,744,1088,1,0,0,0,0,1288
475,24,0,10648,5448,47344,7592,2680,1000,1368,272,1016,0,0,0,0,1,1504
476,21,2,4408,3936,26056,7440,2680,472,472,1168,1208,0,1,0,0,0,808
477,18,2,10816,3800,46944,5744,2112,1568,1952,520,456,1,0,0,0,0,1120
478,22,2,11496,1632,30560,3976,2552,1288,536,1000,1192,0,0,0,1,0,832
479,25,3,9168,4032,39720,5656,2360,1016,1128,504,192,1,0,0,0,0,1016
480,21,0,10728,7192,25064,6800,2912,1464,1504,752,1040,1,0,0,0,0,1240
481,25,3,10648,1816,43832,6000,1240,1472,696,1256,424,1,0,0,0,0,1272
482,25,0,9560,6760,31200,4992,2064,1464,2168,424,752,0,1,0,0,0,1704
483,24,3,9976,2152,45536,5104,1264,1568,1392,800,544,0,0,0,0,1,1440
484,25,2,5304,6384,43344,3360,3112,776,1192,984,1336,1,0,0,0,0,1824
485,23,2,6888,6208,33816,7392,1144,1520,952,1376,568,0,0,0,1,0,1568
486,23,2,4544,2720,24200,4960,2400,736,2368,1528,872,0,0,1,0,0,1016
487,20,2,6416,2032,37008,4544,1432,512,936,1264,984,0,0,0,0,1,1400
488,24,0,6568,3312,46864,5752,1392,1064,1136,528,312,0,0,1,0,0,1128
489,19,0,8072,6160,34832,4088,2400,1512,2160,1168,368,0,1,0,0,0,1632
490,19,1,4208,5064,24744,7520,1720,872,1544,1536,336,0,1,0,0,0,888
491,22,1,4016,6040,29736,3784,1224,432,2320,1152,560,0,1,0,0,0,1136
492,19,0,6880,4400,45624,4024,1624,1368,696,656,1568,1,0,0,0,0,480
493,18,1,11360,4608,41128,6680,1344,816,2080,688,1568,0,0,1,0,0,832
494,21,2,4320,7448,36656,5208,1768,1080,600,576,1464,0,1,0,0,0,480
495,25,0,5896,7960,33872,4496,2304,496,2248,248,1296,0,0,0,0,1,1536
496,22,0,4024,456,25104,6744,2208,1416,2064,840,1320,0,0,0,0,1,504
497,22,0,5384,7776,42856,6624,2232,760,1232,272,1296,0,1,0,0,0,944
498,25,0,5448,920,42840,6784,1672,944,1920,1504,1376,0,0,0,0,1,1560
499,22,0,10848,6128,43096,4792,2776,1600,1520,576,1568,0,1,0,0,0,1136
500,25,3,8496,3120,27152,7568,2384,936,816,584,1272,0,1,0,0,0,1216
501,18,3,11192,5224,27304,5624,1256,1456,864,1232,224,0,0,1,0,0,976
502,19,1,11216,5640,26144,5720,2440,1072,1824,824,1152,0,0,0,1,0,1600
503,24,3,9472,2080,44880,3920,3008,1344,1464,680,984,0,0,0,1,0,1400
504,21,2,5944,2808,29880,5968,2440,408,2272,936,728,0,0,1,0,0,1032
505,25,3,11072,3920,26024,3696,2288,1264,2368,1528,920,1,0,0,0,0,912
506,20,1,7976,5128,32000,4712,1336,1040,1432,1040,456,1,0,0,0,0,752
507,24,2,4944,872,33424,5008,2680,944,1112,680,520,0,0,0,1,0,776
508,25,1,10560,3984,42632,4472,1888,976,1312,864,520,0,0,0,0,1,1248
509,25,3,7672,4176,36888,3216,2952,536,1128,360,696,0,1,0,0,0,1040
510,20,1,7600,5248,34952,7328,1656,776,2272,600,384,0,0,0,0,1,960
511,24,2,10288,3648,47328,7784,2104,480,928,504,1344,0,0,1,0,0,1096
512,19,0,7144,2496,35336,7848,1248,1128,1288,944,208,0,1,0,0,0,1472
513,18,0,9008,7128,33936,4992,1456,800,1944,664,240,0,0,0,0,1,1216
514,22,3,5432,3848,43728,5392,1440,1216,536,1040,1272,1,0,0,0,0,1528
515,25,0,6424,1608,47312,6872,1144,1384,1360,824,240,0,0,0,0,1,1904
516,18,2,5312,920,29536,7704,1704,560,1592,1336,904,1,0,0,0,0,1792
517,18,2,12000,6216,42608,6176,2384,1456,1360,328,824,0,1,0,0,0,1424
518,22,1,8040,6216,44768,6920,1264,448,1992,1184,1568,0,0,0,0,1,1384
519,22,3,7064,5120,44120,6008,1944,1344,816,440,744,1,0,0,0,0,1264
520,18,0,11424,2616,41464,6576,944,1472,1696,712,1032,1,0,0,0,0,616
521,21,3,7248,3592,31064,5704,2704,1008,440,512,976,0,0,1,0,0,1056
522,18,0,7928,6688,26536,4144,2520,784,1040,1160,1208,0,1,0,0,0,1864
523,23,0,9968,6032,43360,4032,2976,856,1304,928,1456,0,0,0,1,0,1080
524,22,0,10184,80,33832,7096,1344,1576,1888,760,1088,1,0,0,0,0,1600
525,22,1,7040,1472,37648,3320,840,1456,2216,1408,288,0,0,0,0,1,1008
526,24,1,10848,2624,45264,7208,2952,1248,1160,952,816,0,1,0,0,0,1520
527,23,1,7328,7416,41952,3288,1992,1256,2040,664,1512,0,0,1,0,0,1120
528,18,0,8472,5344,31520,6688,1400,1048,1720,1424,248,0,0,1,0,0,888
529,24,1,7528,1624,24384,4936,1712,904,2128,584,1408,0,0,0,0,1,1264
530,24,2,6112,4168,36032,6624,1136,936,2392,408,408,0,0,0,0,1,840
531,25,3,7864,5360,37232,4904,1968,1008,472,1240,1576,0,0,1,0,0,1328
532,18,2,10360,2104,36016,5176,896,1096,864,336,256,1,0,0,0,0,1552
533,22,3,10408,7064,38848,4152,1128,456,480,928,1592,0,1,0,0,0,1168
534,22,1,6632,2952,41968,5616,1168,704,2144,680,1528,1,0,0,0,0,1448
535,22,3,10368,8,36592,6072,1176,1144,1616,392,1520,0,0,0,0,1,1600
536,21,0,10224,4048,28528,4104,2880,648,2016,752,1120,1,0,0,0,0,944
537,18,2,5800,1184,38256,5144,1352,1312,1656,1512,336,1,0,0,0,0,1704
538,20,2,4200,328,36824,7112,1496,680,600,1264,864,1,0,0,0,0,872
539,25,1,8048,2344,27176,4664,1336,592,616,1392,856,1,0,0,0,0,776
540,20,3,6976,5288,42624,3760,1760,1336,1216,408,1024,1,0,0,0,0,1352
541,20,2,4392,2416,47272,3272,2160,528,2224,1056,240,0,0,0,1,0,1088
542,20,1,7080,3040,45736,5808,1080,480,1016,696,1432,0,0,0,1,0,768
543,19,2,9576,6176,33816,5560,1440,728,1416,384,168,0,1,0,0,0,1096
544,25,2,4312,3432,44784,6952,1672,568,960,1192,288,0,0,0,0,1,1256
545,22,3,6432,7288,30480,4616,2328,1336,2128,1072,1096,0,1,0,0,0,1024
546,25,3,8872,2312,26592,7568,2872,984,1128,856,1000,0,0,1,0,0,920
547,25,2,9008,6168,25008,6584,2992,1000,1936,896,792,0,1,0,0,0,1336
548,22,1,6792,1832,41160,6640,2912,904,1896,1400,1536,0,0,1,0,0,760
549,23,3,4024,1264,37016,5568,2888,968,760,1112,576,0,0,0,0,1,1608
550,20,2,10344,3592,29872,7304,2592,1192,2304,1048,960,1,0,0,0,0,1512
551,20,1,7224,768,33720,4016,2352,616,696,1288,584,1,0,0,0,0,952
552,23,1,9192,5480,44080,4024,2464,1368,872,1568,480,0,0,0,0,1,1808
553,20,0,10904,4288,29112,4288,1056,1096,1664,1480,576,1,0,0,0,0,1584
554,19,1,8448,7672,37320,4744,800,1256,2288,696,1600,0,0,0,1,0,1304
555,18,2,9960,640,24504,6688,3176,1088,1240,472,1488,0,0,0,1,0,1112
556,25,2,9192,3096,45952,6792,2408,896,712,856,864,0,1,0,0,0,1720
557,19,0,9808,6384,32528,3952,2800,1536,1808,1088,496,0,0,0,0,1,688
558,22,0,7720,3096,31864,3728,1640,1528,1536,768,1504,0,0,0,1,0,1008
559,21,0,10704,7112,39648,5264,1432,632,928,1528,192,0,0,0,1,0,1168
560,20,2,11312,6488,41128,6016,1488,1112,1184,248,768,0,0,0,1,0,880
561,24,1,9856,5184,41992,3880,1984,416,2240,384,368,0,0,0,0,1,1352
562,18,0,4224,4896,32120,3816,2288,696,2336,1400,520,0,0,0,1,0,840
563,22,3,11016,4000,38768,3856,2680,1064,1288,656,784,0,1,0,0,0,720
564,23,0,8624,6856,39864,7096,1984,1216,1440,848,1040,0,1,0,0,0,608
565,20,3,6128,7408,40152,7184,1808,480,1504,1176,888,0,1,0,0,0,864
566,22,2,10312,2024,39680,4232,1832,472,768,984,616,0,0,0,1,0,792
567,21,3,7096,6600,39584,5848,2472,1552,1008,1416,1120,0,0,1,0,0,1560
568,18,3,8320,5768,24032,7352,1648,648,1272,1056,560,1,0,0,0,0,864
569,21,2,7520,7784,47296,7608,2816,864,1992,784,1200,0,0,0,1,0,1056
570,25,3,7160,7392,45872,3912,1256,752,2088,456,904,1,0,0,0,0,352
571,25,3,8904,3024,31208,4264,1608,1064,1152,648,696,0,0,0,0,1,1656
572,24,0,7856,4504,40216,6640,2112,1008,2368,1256,432,1,0,0,0,0,912
573,22,0,11208,3136,40064,6152,2648,1192,800,1200,1336,0,0,0,0,1,568
574,18,3,6176,576,47128,6120,2872,1064,2000,1024,1368,0,0,0,0,1,672
575,20,2,7296,3096,30928,3896,2088,1592,1472,1576,1152,0,0,1,0,0,1192
576,23,3,7568,6872,41920,3272,3040,1432,808,1112,768,0,0,1,0,0,1120
577,23,1,6672,6864,38992,4520,1016,816,1144,1152,656,1,0,0,0,0,1696
578,24,0,5560,3656,26120,3504,2720,616,1608,1096,656,0,0,0,0,1,696
579,20,3,11832,3184,44136,6832,1904,744,1144,288,536,1,0,0,0,0,1120
580,21,3,7952,3752,30264,3320,1152,1376,2272,928,1592,0,0,1,0,0,1032
581,25,3,6744,4440,40568,4832,1008,1560,1272,392,576,1,0,0,0,0,1280
582,21,1,11296,5368,48000,7336,2360,1528,2376,496,1120,1,0,0,0,0,856
583,22,1,5816,1904,42832,5864,2600,1456,1760,1592,1408,0,1,0,0,0,984
584,25,3,4976,5136,37096,6896,2320,1600,1832,1344,616,0,1,0,0,0,520
585,23,2,11136,1576,25288,7632,2296,808,1440,1080,792,0,1,0,0,0,856
586,19,3,11928,6472,39392,6336,1528,1152,1784,832,1488,0,1,0,0,0,936
587,22,1,8304,4320,35024,6328,1616,744,2032,632,1280,0,0,0,1,0,1224
588,24,1,6832,4008,26152,7920,1992,1584,424,784,536,1,0,0,0,0,1296
589,21,3,11320,5504,41688,6856,2032,1248,1816,952,696,1,0,0,0,0,1616
590,18,2,9088,3472,36176,5136,1152,968,1504,432,1168,0,0,1,0,0,1832
591,22,2,7768,800,29160,7832,1304,1072,2136,1544,640,0,1,0,0,0,1368
592,20,2,8920,248,41648,3536,2656,1192,2176,824,1280,0,0,1,0,0,1480
593,20,0,4184,2232,38216,3336,2048,1504,1528,1096,328,1,0,0,0,0,1456
594,24,1,4264,6520,44960,6800,1624,1328,1880,312,1104,0,0,0,0,1,1000
595,19,3,9032,6656,31080,5528,1048,1176,2336,1344,800,0,0,0,0,1,608
596,22,2,5912,7064,24792,7200,2248,888,1288,1096,368,0,0,1,0,0,1200
597,18,2,8792,3384,29520,7784,2296,784,1088,1024,1032,0,0,0,1,0,1968
598,25,1,4880,1184,43312,7096,2048,456,1760,1472,832,0,0,0,0,1,1280
599,23,1,10440,5136,44528,6752,2192,960,1432,976,584,1,0,0,0,0,448
600,23,0,10104,5952,26952,6600,1128,936,1272,1264,912,0,0,0,1,0,672
601,23,0,5248,6688,28688,6160,1376,888,1416,1160,592,0,0,0,1,0,1416
602,22,1,7800,3248,30840,6016,1992,744,1448,824,400,0,0,1,0,0,1448
603,25,0,11672,7968,39656,7136,1136,408,1048,512,280,0,1,0,0,0,1688
604,25,1,10416,920,26120,4488,2016,704,1264,1000,968,1,0,0,0,0,888
605,18,2,8920,5672,37960,5864,2096,944,1456,256,416,0,1,0,0,0,1408
606,24,0,6528,5264,36912,3984,1448,824,2304,1304,1128,0,0,0,1,0,1080
607,24,0,10864,256,45264,5568,1088,616,824,720,1304,0,0,0,1,0,1272
608,20,1,8432,696,45072,7984,2128,1360,1400,752,648,0,0,0,0,1,1896
609,24,0,10976,1664,36360,5352,2096,608,2328,584,872,0,0,0,1,0,1768
610,24,3,8808,4064,29744,3384,2728,1240,2104,976,416,0,0,0,1,0,1488
611,23,1,10064,7512,37296,5960,2000,968,2104,272,904,0,0,0,1,0,1288
612,23,0,11192,5304,38200,4896,2312,1352,1912,1592,656,1,0,0,0,0,1776
613,21,2,11752,4736,45480,4040,2176,448,1288,856,1464,1,0,0,0,0,640
614,23,3,4480,2400,39632,4432,800,976,1504,544,920,0,0,0,1,0,1608
615,24,0,4216,2696,42624,3696,2792,1368,1928,960,1000,0,0,0,1,0,1896
616,20,0,9320,2256,26112,6952,1056,728,680,1496,488,1,0,0,0,0,744
617,25,1,7968,5536,37224,6120,2808,1184,592,1528,1408,0,1,0,0,0,712
618,24,1,5040,4224,32008,7368,3016,1544,1240,408,464,0,0,0,1,0,1616
619,19,1,4336,1640,37104,6704,2656,536,1640,928,1400,0,0,0,1,0,1232
620,19,0,5184,7432,34352,5568,2136,832,2288,280,352,0,0,0,0,1,1400
621,22,2,5112,5592,37000,3704,2704,640,2360,824,1096,0,1,0,0,0,1048
622,18,3,5832,5320,35712,5360,3024,976,1584,1352,808,0,0,0,1,0,1912
623,19,1,8168,3784,36912,7000,2256,456,1224,848,1256,0,1,0,0,0,656
624,23,2,9832,6352,39744,7624,1728,680,2240,752,1480,0,0,1,0,0,1440
625,21,1,5280,1656,42920,4376,1552,472,1832,1344,512,0,0,0,1,0,968
626,21,0,10744,48,24824,6072,1904,600,1360,712,352,0,1,0,0,0,1184
627,25,1,6664,3280,36496,4200,2640,400,1056,1096,1240,0,1,0,0,0,1608
628,22,0,4440,408,40480,4272,2832,552,608,336,208,0,1,0,0,0,648
629,22,0,4328,752,42984,3272,2112,632,904,1400,264,0,0,0,1,0,816
630,22,2,5984,2368,31696,5768,3112,568,848,1488,1360,0,0,1,0,0,1456
631,21,3,11816,3976,34296,6808,2368,424,1144,696,1072,0,0,0,1,0,1560
632,22,2,9888,1512,45240,6184,1400,1160,1144,944,1352,1,0,0,0,0,1456
633,25,0,4736,5256,30408,7512,1096,1016,2120,560,680,1,0,0,0,0,1072
634,25,2,4464,6640,37136,7160,2792,712,632,976,1144,0,1,0,0,0,1024
635,23,3,7400,3312,32984,6208,1424,848,1608,1152,864,0,0,0,1,0,1152
636,18,2,5752,3984,30240,3952,2496,1192,480,456,1352,0,1,0,0,0,1592
637,24,1,7848,7000,26128,6816,1608,1336,992,496,880,0,0,0,1,0,1520
638,25,2,11048,7056,29632,3712,2152,704,848,1080,528,0,0,1,0,0,1216
639,18,3,7432,1008,26856,4920,2592,584,1688,696,616,1,0,0,0,0,1664
640,24,1,9960,7248,43616,3672,2040,1024,2304,1560,1528,1,0,0,0,0,728
641,20,1,5528,2720,30384,5984,1216,424,896,1304,568,0,0,1,0,0,1672
642,24,0,10608,3992,42824,6816,1032,1328,2328,432,1128,0,0,0,0,1,1408
643,18,1,8000,1624,41592,4472,2968,832,816,760,840,0,0,0,0,1,1064
644,25,1,4736,5296,41768,5552,952,744,416,1440,1280,0,1,0,0,0,1200
645,22,2,9816,1808,29264,7608,1744,1592,896,1568,536,0,0,1,0,0,1216
646,20,3,4600,4272,41848,4048,3024,528,448,1224,792,0,0,0,1,0,1128
647,19,1,10384,2584,28080,3552,1776,1344,1400,1064,552,0,0,0,1,0,1272
648,23,3,9128,3856,28968,4576,968,1472,744,1008,688,0,0,0,1,0,768
649,25,2,5624,5232,47408,5880,2360,800,1112,1424,1520,1,0,0,0,0,952
650,23,0,7432,1280,27560,3344,1704,664,440,1584,1080,0,0,1,0,0,1128
651,23,1,11320,7760,29552,4104,1184,1256,2352,1232,1288,0,0,0,1,0,1168
652,18,2,10872,3096,45976,7960,2104,1544,1216,880,960,0,0,0,1,0,440
653,23,0,9296,5760,47040,5040,2072,936,1008,712,1040,1,0,0,0,0,1768
654,18,3,5304,2432,45240,5056,1408,712,408,448,856,1,0,0,0,0,944
655,18,0,11456,72,44544,7432,1792,864,816,960,1208,0,0,1,0,0,728
656,20,0,5304,6584,29096,5560,1528,1176,1696,1504,1432,0,1,0,0,0,768
657,18,2,10616,872,31800,7520,2904,1224,952,416,160,0,0,1,0,0,1488
658,22,2,8360,2872,43048,4880,2152,568,2328,1344,1464,0,0,0,0,1,1056
659,21,1,4952,4840,25904,6344,3040,712,1672,736,672,0,1,0,0,0,1368
660,21,0,6520,7240,24424,3464,2840,672,2096,1128,328,0,0,1,0,0,1248
661,20,0,5824,3192,41024,7736,1216,1112,2296,1472,1256,1,0,0,0,0,1080
662,21,2,7528,6648,29496,5776,3120,1080,992,856,304,0,0,1,0,0,1600
663,18,0,9408,344,26816,6704,1688,480,864,696,1312,0,0,0,0,1,1136
664,22,3,8736,4592,31976,5848,1496,744,768,1352,944,0,1,0,0,0,944
665,18,3,11512,4208,27152,7168,1408,688,1200,1400,1032,1,0,0,0,0,920
666,22,2,6528,4928,27688,4344,2800,808,1960,352,1200,0,0,1,0,0,1016
667,18,1,11304,6200,37720,3656,2112,568,1216,728,960,1,0,0,0,0,1448
668,24,3,8608,2840,36768,3712,1072,792,616,408,1192,1,0,0,0,0,1048
669,21,3,4472,1352,42424,3448,1776,824,1504,624,1408,0,0,1,0,0,1088
670,23,3,9152,6400,31048,3240,3048,1040,1728,656,400,0,0,0,1,0,1600
671,20,1,10368,904,43616,3696,1528,552,1240,1496,816,0,0,0,0,1,1152
672,24,2,7664,7216,36632,3400,2096,1248,2256,656,1080,0,0,0,1,0,1264
673,25,1,6200,5672,33560,5440,920,1456,848,896,744,0,0,1,0,0,1232
674,25,1,11864,4152,37408,7760,1160,1344,576,848,1488,0,0,1,0,0,496
675,19,1,10432,1856,36320,5208,1472,816,2144,360,400,1,0,0,0,0,1720
676,24,3,11200,7136,37808,5992,2872,1304,1664,1184,656,1,0,0,0,0,1216
677,24,0,11520,6952,46816,6072,2168,600,2360,1568,568,0,1,0,0,0,1144
678,22,0,11680,5200,28496,6168,2488,496,896,296,616,0,0,1,0,0,1192
679,20,1,11032,5712,38064,7416,1536,952,760,1552,264,1,0,0,0,0,1568
680,18,1,7536,4360,46440,7312,864,400,432,1504,560,0,1,0,0,0,640
681,25,1,5920,6968,33552,3784,2928,664,688,648,624,1,0,0,0,0,760
682,18,3,9488,5864,47384,4328,2328,888,584,1328,1048,0,0,0,0,1,728
683,23,1,5848,6496,45096,4656,1184,592,1264,648,384,1,0,0,0,0,760
684,20,1,10776,5880,44504,7792,2480,784,2384,1456,296,0,0,1,0,0,624
685,19,0,8680,3336,37440,5640,1272,1456,840,1480,432,1,0,0,0,0,1584
686,22,2,5320,3208,29160,7736,1208,400,1456,1448,1184,1,0,0,0,0,1544
687,22,0,11376,5392,40240,5304,2656,1184,1496,992,936,0,0,1,0,0,1528
688,24,0,10928,2552,28392,7368,3112,1016,1792,1208,240,1,0,0,0,0,1096
689,21,3,5712,5160,30008,6824,1192,528,1752,1408,576,0,0,0,1,0,448
690,25,0,10072,1112,39544,5976,1600,752,1120,760,520,0,0,0,0,1,1448
691,19,2,7800,7512,26048,7488,2944,1432,416,384,960,0,0,1,0,0,1864
692,24,2,11360,1880,28872,6728,1208,1520,456,1232,568,0,0,0,1,0,936
693,24,3,4832,6008,29496,4432,1736,528,1352,552,1200,0,0,0,1,0,1232
694,25,2,10000,4072,34304,5432,1000,784,872,1168,1504,0,0,1,0,0,1272
695,20,0,4536,7248,29984,6736,3000,768,2224,1384,384,0,1,0,0,0,1272
696,25,0,4368,5528,43656,7824,2288,800,1648,1264,1096,0,1,0,0,0,944
697,18,2,9352,6688,44296,7968,2672,664,840,1328,1440,0,0,1,0,0,1072
698,23,0,6672,4856,28656,5536,2800,704,1984,408,272,0,0,1,0,0,1920
699,19,3,8936,1872,26928,7520,1696,696,2384,952,1264,0,1,0,0,0,1440
700,25,0,5416,7152,44760,6728,2504,416,736,960,672,0,0,1,0,0,864
701,20,0,11464,7712,38216,7232,2616,616,776,1336,936,0,0,0,1,0,1736
702,20,0,7112,5064,24800,4192,1976,656,824,768,240,1,0,0,0,0,1552
703,21,1,5360,5664,47472,5192,3088,1168,1400,472,1240,1,0,0,0,0,1440
704,19,2,5160,4928,37552,7232,1264,552,912,320,576,0,0,1,0,0,1264
705,21,1,8856,7768,47976,5760,2312,992,1256,808,1344,0,0,0,0,1,688
706,22,3,6000,4576,33152,4504,832,1528,424,328,792,0,0,0,0,1,952
707,21,3,5232,2088,26872,6416,992,448,888,496,1568,1,0,0,0,0,776
708,20,0,9128,456,45872,5568,2272,664,448,1000,440,0,0,0,0,1,872
709,22,3,6488,6520,37792,6520,2400,960,832,952,1216,1,0,0,0,0,920
710,23,2,11616,4160,27704,6576,2536,616,1328,1064,976,0,0,0,1,0,1216
711,20,1,10040,656,37912,3720,3200,544,1968,1056,1280,0,0,0,0,1,752
712,24,1,5896,2128,39712,6240,2424,888,1544,776,456,0,1,0,0,0,1248
713,25,0,11352,2024,32712,3552,1760,1184,1088,272,280,0,0,0,1,0,752
714,23,0,6520,608,35688,3568,1056,1320,1080,1392,888,0,1,0,0,0,1256
715,25,2,8272,4816,27552,4136,1904,880,2248,1200,448,0,0,0,1,0,1304
716,24,0,8176,5008,38376,3304,1112,1336,1752,1008,344,0,1,0,0,0,1056
717,23,3,10728,6712,24264,4112,2400,976,1360,520,800,1,0,0,0,0,808
718,20,2,7992,7352,46552,4056,2152,952,440,920,424,0,0,0,1,0,1184
719,21,0,9744,1296,43736,5472,2240,1048,728,712,1008,0,0,0,0,1,1504
720,24,3,10656,5640,28096,6368,3192,1592,1648,792,1032,0,0,1,0,0,1120
721,20,0,7224,2968,33840,6384,2552,480,1176,560,1360,1,0,0,0,0,1000
722,25,0,7456,7096,42456,3776,2760,488,1880,536,320,1,0,0,0,0,1504
723,21,1,5072,2640,47688,6192,2672,1544,1328,1600,1200,1,0,0,0,0,1032
724,25,2,4424,2144,25040,5888,1120,544,2304,408,1592,1,0,0,0,0,1056
725,21,1,4376,5424,44880,4080,1536,984,2016,1128,976,0,0,1,0,0,680
726,18,2,6936,5168,24112,7552,2560,1320,2384,1136,1464,0,1,0,0,0,1352
727,20,3,6904,6752,24704,7728,2968,528,1960,440,664,0,0,1,0,0,1192
728,25,3,4824,2568,39032,3360,1848,1008,1376,640,1544,1,0,0,0,0,848
729,21,1,11840,4440,28272,6392,2072,800,2232,1528,440,0,1,0,0,0,1272
730,18,0,4176,3584,29952,5648,1392,640,1824,528,1448,0,0,0,1,0,1208
731,22,1,11008,4080,26544,3680,1056,1272,696,704,608,1,0,0,0,0,1008
732,22,1,9560,7904,45832,3640,920,936,1232,1240,1520,0,1,0,0,0,1776
733,24,0,9784,6280,28168,6568,1024,400,1456,1112,1568,0,0,0,0,1,1304
734,21,1,4904,4192,29120,6672,1752,456,1928,528,744,0,1,0,0,0,1024
735,25,3,6752,6128,32136,6720,1432,1512,1256,304,1048,0,0,0,1,0,1616
736,24,1,4960,1536,33704,5808,2656,1152,1560,1080,1016,0,1,0,0,0,928
737,22,0,7864,7552,33728,7824,912,824,912,608,504,0,0,0,0,1,1560
738,25,3,7968,2000,47800,4160,2536,968,1928,360,648,1,0,0,0,0,1088
739,18,1,8848,6352,24600,7048,1320,1328,1080,392,272,0,0,0,1,0,440
740,23,2,8256,6472,34872,7896,2912,1408,448,1328,536,0,0,0,1,0,1008
741,20,2,11352,7928,37176,5184,2088,1208,1776,1080,576,1,0,0,0,0,688
742,22,3,4880,800,41136,3784,2384,1312,616,256,904,0,0,1,0,0,896
743,19,1,11592,4792,38320,7080,872,456,2136,1312,264,0,0,1,0,0,1280
744,25,2,10160,4032,27736,3872,2288,1056,1240,1296,328,0,0,0,1,0,1488
745,18,0,6160,5096,40440,6512,2184,440,1048,1024,312,0,1,0,0,0,1560
746,25,3,7288,7432,36760,4624,2704,976,2200,1408,752,0,0,0,0,1,896
747,18,1,10424,2392,40248,5608,1936,1464,856,592,416,1,0,0,0,0,1456
748,19,1,10936,5504,28824,3616,2976,1296,1944,240,1240,0,0,0,1,0,760
749,25,3,4072,5312,27592,6232,1944,1224,560,1160,1536,0,1,0,0,0,1280
750,22,1,6432,4656,42392,7136,1224,1384,2312,1008,368,0,0,0,1,0,928
751,23,0,10144,2168,42584,7184,1632,1496,1696,888,456,0,1,0,0,0,1552
752,22,1,11936,656,29760,6584,2216,1488,1336,520,272,0,0,0,1,0,1616
753,23,2,11216,3688,30616,7232,2568,1104,1584,1504,1432,1,0,0,0,0,1176
754,24,1,5384,4848,32280,6544,2840,824,448,1192,384,0,0,0,0,1,656
755,22,3,9392,7696,39152,3408,2632,1528,904,1248,1368,1,0,0,0,0,504
756,20,0,5080,6616,33000,7752,1552,1568,960,896,1480,1,0,0,0,0,1192
757,23,3,6336,4672,35208,5048,1792,800,784,808,1120,0,0,0,1,0,808
758,22,3,7984,7424,25592,4520,1208,568,2328,992,1000,1,0,0,0,0,1408
759,21,1,6928,4648,46200,6184,2136,800,776,336,656,1,0,0,0,0,464
760,23,3,11264,4528,29712,7240,1784,1344,984,464,1512,1,0,0,0,0,1240
761,25,0,5856,824,26680,5936,3160,1232,1424,800,640,1,0,0,0,0,1624
762,18,1,8856,4088,44056,5904,1152,1048,1248,1096,376,0,0,0,1,0,728
763,24,0,9320,544,33008,6872,2664,1568,1480,1432,232,0,0,0,1,0,1264
764,19,0,10528,6936,35456,5016,880,1480,720,1520,1080,0,1,0,0,0,472
765,21,1,11768,2240,32832,6896,2496,1440,672,1456,968,0,0,0,0,1,1280
766,18,3,4288,4456,29952,3984,3000,1024,2384,360,288,0,0,0,0,1,1280
767,21,3,8360,4336,33232,7496,1256,1312,792,368,616,0,0,1,0,0,432
768,24,1,4872,3112,34632,7472,3144,544,1880,384,1488,1,0,0,0,0,1032
769,20,2,4648,7712,39800,6200,848,688,672,312,1376,0,0,0,0,1,720
770,20,3,8848,1696,27008,3688,1040,1400,472,1576,1344,1,0,0,0,0,1376
771,22,0,10528,5680,28384,5456,3056,552,2008,944,176,0,0,0,0,1,1256
772,19,2,4592,824,47808,4840,2976,656,2296,1224,1064,0,1,0,0,0,648
773,19,3,8920,96,30232,3856,2448,1288,2120,1360,1544,1,0,0,0,0,1808
774,25,3,10056,360,29224,6472,2984,1176,2200,1264,1576,0,0,0,1,0,912
775,23,1,8552,1040,43616,4024,1744,664,1360,712,1152,0,0,1,0,0,1096
776,22,1,6056,3768,26896,5752,2872,552,1272,504,632,1,0,0,0,0,1544
777,21,3,6352,1328,28992,7264,2968,584,2264,1216,872,0,0,0,0,1,1152
778,22,0,9112,6760,37944,7144,2848,1008,496,1560,200,0,1,0,0,0,680
779,23,3,4784,1000,46592,3304,2224,1040,1216,656,216,0,0,0,1,0,1184
780,21,0,4112,3216,37136,3952,3160,736,784,1048,1080,0,0,1,0,0,1360
781,23,0,11832,3344,28008,7680,2752,824,1168,248,1480,0,0,0,0,1,1264
782,24,1,5064,2888,37072,5480,2016,1024,1112,1520,184,1,0,0,0,0,1448
783,25,2,11496,1200,38160,7528,2288,832,1592,1088,1504,1,0,0,0,0,968
784,22,3,9080,2232,38600,6344,2960,920,816,888,328,1,0,0,0,0,1032
785,21,1,11464,88,33000,6656,2504,984,488,1600,816,0,0,0,1,0,1568
786,20,2,6592,744,27768,4304,1992,1016,720,1352,1464,0,1,0,0,0,1184
787,24,1,7736,2304,37032,7664,2272,856,1376,368,360,0,0,0,0,1,1712
788,25,3,9008,5664,30640,3240,2744,1272,1576,1296,1280,0,0,1,0,0,976
789,21,3,7080,4104,43976,6656,1088,528,2048,1096,424,0,0,0,0,1,1512
790,25,3,4200,7872,36376,5360,2872,1184,1296,248,688,0,0,0,0,1,752
791,20,2,8072,112,34472,5592,2096,936,904,744,360,0,0,0,0,1,728
792,18,2,11824,368,43600,7656,2880,616,2120,1464,736,0,0,0,0,1,576
793,19,3,4376,2920,27720,5160,2528,464,1568,1080,952,0,1,0,0,0,1392
794,22,0,4392,3280,38368,5992,2432,1336,2168,1352,1224,0,0,0,0,1,1936
795,25,1,10608,4888,43608,5872,1640,728,1736,1008,1120,0,0,0,1,0,1328
796,21,1,6088,72,38688,4752,3000,424,400,1008,280,0,0,0,0,1,768
797,25,2,10752,3952,47080,6472,1864,1336,752,488,1232,0,1,0,0,0,1144
798,22,1,7160,7080,43912,3648,2744,1256,616,1248,1112,1,0,0,0,0,1584
799,23,1,8288,6488,39288,3496,3184,1072,1248,280,984,0,0,1,0,0,992
800,22,2,5312,4304,24064,3336,1888,600,1944,1248,928,0,1,0,0,0,1528
801,22,2,11224,6312,47088,7696,1304,1032,2008,1328,912,0,1,0,0,0,1016
802,23,2,8752,2880,37208,4976,1936,720,1104,888,1520,0,0,0,1,0,1440
803,24,3,6312,3304,27856,6680,1648,1024,920,536,1080,0,1,0,0,0,1712
804,25,3,4696,6048,40280,6376,2328,1368,1904,592,952,1,0,0,0,0,920
805,23,1,4072,3160,29832,4856,2608,1248,1632,240,472,1,0,0,0,0,1464
806,19,1,11056,7480,37200,6824,1624,1440,2376,344,976,0,1,0,0,0,704
807,25,2,10408,6056,30488,5312,968,920,968,1376,912,0,0,0,1,0,1392
808,23,2,6216,424,39480,4040,2144,1448,568,432,520,0,0,0,1,0,1112
809,19,3,4040,5168,39480,5504,1032,1144,1672,1576,648,0,0,0,0,1,1752
810,24,1,6928,6368,38920,6048,2192,1448,1896,1000,536,0,0,0,1,0,1504
811,19,0,10632,1016,26568,6688,2216,736,2008,696,696,1,0,0,0,0,752
812,20,0,10976,2376,33816,4040,1136,1152,1560,272,592,0,0,1,0,0,672
813,24,1,8032,7064,40672,6184,2680,944,800,1064,1272,0,0,1,0,0,1368
814,23,0,11320,1224,36208,7040,888,1336,1640,904,1000,1,0,0,0,0,1344
815,20,1,5112,104,32776,6240,1808,960,600,1176,1144,0,0,0,0,1,632
816,19,3,11176,6832,25488,4416,2064,984,1016,568,1488,0,0,1,0,0,656
817,18,0,7480,7344,31208,5792,1024,976,1216,864,1072,0,0,1,0,0,736
818,18,2,7056,4192,39864,4016,1568,1224,2192,1120,688,0,1,0,0,0,1688
819,20,0,11184,7296,37672,6912,2136,1448,512,736,1552,0,0,0,0,1,1688
820,24,3,11688,3224,29312,4152,1096,1016,672,968,1016,1,0,0,0,0,1152
821,24,2,11440,7424,39744,5456,2688,712,2312,656,760,0,0,0,1,0,1136
822,22,1,7624,7400,41080,7392,1184,448,1248,1008,264,1,0,0,0,0,824
823,19,1,11648,6424,27448,5088,1088,1416,1992,928,1024,0,0,0,0,1,1120
824,22,1,7136,4504,44232,3496,1840,680,1208,352,1592,0,1,0,0,0,608
825,20,3,4312,3952,34792,3600,3184,856,712,1528,1264,0,0,0,0,1,824
826,25,1,8192,6048,36256,6384,2624,896,2200,248,696,0,0,1,0,0,744
827,22,2,11240,4352,42208,6256,2248,416,2160,1128,1568,1,0,0,0,0,1168
828,21,3,5528,5680,29088,3824,2736,464,2216,1360,1088,1,0,0,0,0,1120
829,19,1,9256,2664,28072,7896,2248,616,1208,864,544,1,0,0,0,0,912
830,21,1,4440,7840,45256,5656,2416,1560,1008,1440,536,0,1,0,0,0,1856
831,25,2,9960,6424,37944,7192,2280,792,2160,1600,464,1,0,0,0,0,1456
832,25,2,9816,3264,44856,6072,2920,1096,1296,1088,1384,1,0,0,0,0,1224
833,18,0,6600,3224,41632,3208,2344,600,840,1576,1000,1,0,0,0,0,480
834,18,0,10872,3744,31200,3208,2264,1520,1224,512,1560,0,0,1,0,0,1104
835,22,1,4448,2536,35432,6672,1328,1040,1776,264,1160,0,0,1,0,0,1056
836,20,3,8880,3200,42600,4688,3200,496,2352,1000,1336,1,0,0,0,0,672
837,21,3,4144,4520,39520,6264,1256,776,568,1400,920,0,0,0,1,0,1136
838,19,2,7456,4888,35088,6664,1272,672,1784,584,1432,0,0,0,1,0,1144
839,22,2,5464,5208,45368,6928,808,1240,1464,392,168,0,1,0,0,0,1696
840,24,3,11176,3000,42600,5096,1112,664,2344,1560,568,0,0,1,0,0,824
841,24,0,9608,3528,33696,6912,1120,664,720,920,1128,1,0,0,0,0,1392
842,22,1,11216,4152,24992,7088,3048,1544,1224,1208,944,0,0,0,0,1,1056
843,25,2,6752,144,43616,7280,1760,568,1952,840,984,0,0,1,0,0,1328
844,19,2,10928,1136,47400,4912,2432,1304,864,1304,1216,1,0,0,0,0,1680
845,19,2,7384,5872,36608,4152,3064,880,1800,1008,984,1,0,0,0,0,536
846,21,0,4336,7240,27472,7896,2376,1280,2288,1480,688,1,0,0,0,0,1408
847,23,1,9040,392,38664,3320,800,1280,792,936,1192,1,0,0,0,0,1040
848,23,1,6784,3360,37304,7600,1384,1336,432,1272,1024,1,0,0,0,0,1096
849,19,1,8176,1816,34440,7856,2368,584,1648,1216,1296,0,0,0,1,0,1824
850,23,1,9512,7840,33840,4856,1520,416,1520,1000,1488,0,0,1,0,0,1624
851,18,3,6168,360,29752,6568,1512,1384,2064,856,1496,0,0,1,0,0,784
852,25,3,10240,3864,45944,5424,1648,432,2048,1496,232,0,1,0,0,0,1072
853,21,2,7464,7904,35312,5848,2384,984,1176,328,1024,1,0,0,0,0,336
854,24,3,10056,6360,47304,3840,960,856,1752,1544,1560,0,1,0,0,0,640
855,24,1,10504,6544,26680,6760,2904,1520,824,1488,632,0,1,0,0,0,848
856,21,2,8272,7416,32672,6064,2640,1432,1936,1520,288,0,0,0,1,0,1696
857,19,3,5352,1224,44072,5928,2680,624,2368,584,1328,0,0,0,0,1,1096
858,19,2,5824,6512,27040,7760,1464,1424,1544,512,1400,0,1,0,0,0,736
859,18,3,4552,4104,43432,5840,3000,944,2240,520,1088,0,0,1,0,0,984
860,19,0,7680,1432,42024,5368,1288,1024,1864,1304,1376,0,0,0,1,0,1032
861,18,0,10304,7032,30632,7856,1528,520,776,1096,1072,0,1,0,0,0,1496
862,22,0,4448,7232,28384,5512,840,1160,880,1464,784,0,0,0,1,0,1632
863,23,2,11304,640,47808,6688,3088,1552,1704,872,1264,0,0,0,1,0,1024
864,25,2,7656,912,39648,7384,2608,1200,1968,944,624,1,0,0,0,0,1096
865,24,0,8672,4656,26440,4160,2824,712,1384,1208,1024,0,0,0,1,0,704
866,22,0,10160,4368,35400,4472,2432,1280,1528,560,1512,0,0,0,0,1,1552
867,24,3,6760,3872,44752,6344,1040,408,712,1208,504,0,1,0,0,0,992
868,21,0,11384,2384,35872,3512,2496,1256,1880,1504,1032,0,0,1,0,0,792
869,19,3,5464,4912,37744,5144,1056,1488,680,1448,768,0,0,0,1,0,792
870,21,0,10472,4488,45112,7784,2424,1576,808,296,1136,0,0,0,0,1,808
871,25,2,7104,1744,35464,6448,1328,968,960,1024,568,0,0,1,0,0,1736
872,24,3,11968,4176,37424,5120,1696,1120,784,1296,560,0,0,0,0,1,728
873,25,1,7720,3720,36792,5896,2328,704,1360,1560,512,0,0,1,0,0,832
874,20,1,10632,4264,28072,6608,1872,1048,1256,1128,320,1,0,0,0,0,1376
875,21,3,8168,6312,45448,6752,1880,792,1016,1048,1520,0,0,0,1,0,1344
876,18,0,4008,3376,42056,4896,1192,1136,1840,584,352,1,0,0,0,0,752
877,21,3,9784,2416,31440,6408,1024,1256,1808,1544,416,0,0,0,1,0,1368
878,19,2,11960,8000,46856,7840,1824,1008,1152,624,1520,0,0,0,0,1,888
879,25,3,6896,5392,43784,4600,2704,432,2096,1440,1568,0,0,0,1,0,792
880,25,2,8296,6752,34560,7152,3144,1408,1928,352,1568,0,0,1,0,0,752
881,19,0,4040,2344,46888,6680,3096,1448,904,648,1368,0,0,0,1,0,1472
882,24,2,9544,3176,33872,6088,960,600,1728,808,928,0,0,0,0,1,1056
883,18,3,11616,5464,26200,4688,2616,520,1640,1280,464,0,0,0,0,1,576
884,24,3,11376,6880,39304,7136,1192,920,1816,736,1176,0,0,0,0,1,1784
885,25,3,5736,1576,44944,5568,2832,840,2400,880,624,1,0,0,0,0,968
886,24,1,10664,4304,41496,3736,1896,1464,1984,760,328,0,0,1,0,0,1544
887,24,3,7824,7792,35360,5136,1928,1168,1040,632,168,0,0,0,0,1,848
888,25,0,9128,2896,25576,7408,3176,968,2064,1384,960,1,0,0,0,0,1528
889,22,3,11192,4888,39960,5424,1760,744,1600,1512,720,1,0,0,0,0,1544
890,24,0,9600,2728,36376,6224,2640,408,1904,1536,1224,0,0,0,0,1,792
891,21,3,8424,512,34440,3552,1136,1112,1408,304,1176,0,0,1,0,0,720
892,25,1,8944,4672,35384,4736,1008,1192,872,912,1048,1,0,0,0,0,976
893,21,1,8752,2568,30064,5928,1096,1376,1072,1536,448,1,0,0,0,0,1944
894,21,0,10016,1808,33648,4240,1960,1008,512,1464,192,0,0,0,0,1,1592
895,18,1,5488,2016,46784,5760,1904,1528,832,1136,656,0,0,0,0,1,776
896,18,1,4104,984,47272,6456,1344,1288,992,368,464,0,0,1,0,0,592
897,25,1,9392,600,39272,6392,1192,1304,2384,920,344,1,0,0,0,0,1344
898,24,0,9792,1880,37160,7304,1672,808,624,640,888,0,0,0,0,1,1456
899,23,1,7800,1688,31616,6152,1048,1072,1016,1208,632,1,0,0,0,0,1248
900,18,3,11480,7600,29008,6736,1768,1112,432,1032,432,0,0,0,1,0,1632
901,22,2,7152,216,35968,5744,2984,1152,2288,1072,1584,0,0,0,1,0,1768
902,21,1,9344,648,42336,5096,1400,1568,1736,384,1424,0,0,1,0,0,1136
903,25,0,11856,736,31896,4320,1552,1000,2144,504,1592,0,1,0,0,0,1768
904,19,3,11080,1992,45960,3616,3192,1360,1848,912,1232,0,0,0,0,1,1456
905,20,3,11808,6656,45960,6464,1800,584,984,624,1424,0,1,0,0,0,936
906,22,2,6496,808,38720,6216,1560,696,1296,1504,464,0,0,1,0,0,952
907,18,0,9528,4888,26984,5384,2616,496,1832,856,1216,0,0,0,0,1,1272
908,20,2,11520,8000,30584,4200,1080,1136,720,1600,976,0,0,1,0,0,488
909,24,3,11576,1968,32304,3248,1880,904,568,296,264,1,0,0,0,0,1304
910,21,0,8240,2856,39064,6448,800,792,1240,1352,728,0,1,0,0,0,672
911,23,2,8272,1616,42776,4464,3048,928,1824,992,1472,0,0,0,1,0,888
912,20,1,11248,80,29392,7736,2424,752,968,1448,496,0,0,1,0,0,976
913,21,2,8688,304,27400,4840,3048,424,1320,1088,536,1,0,0,0,0,1224
914,25,3,10672,2560,38176,6352,1632,1032,1824,848,536,0,0,0,0,1,1408
915,25,2,4056,3792,39968,6000,1448,856,976,312,696,0,0,0,1,0,848
916,21,2,11864,7136,32112,3664,3200,720,1136,480,336,0,0,0,1,0,1472
917,20,3,7104,1824,26024,4312,1656,1456,2032,1000,384,0,0,1,0,0,896
918,23,0,9632,6520,34800,6968,1328,960,1896,680,168,0,0,1,0,0,1312
919,23,1,8376,1656,47136,5336,1288,1576,1344,840,1344,0,0,1,0,0,1192
920,21,0,10232,7200,43824,6520,2688,1088,1888,864,1488,0,0,0,0,1,1808
921,19,3,4904,4344,47576,4976,2472,792,664,1592,1128,0,0,1,0,0,1040
922,18,2,10240,4400,38744,4000,896,792,1128,776,872,0,1,0,0,0,1096
923,25,3,5568,7808,41968,3800,2064,1296,1856,576,1056,0,0,1,0,0,1080
924,20,2,9528,2520,35920,3808,2160,1216,600,1544,1256,0,0,1,0,0,1832
925,24,0,10296,1912,26408,3944,2016,784,2256,1072,912,1,0,0,0,0,848
926,23,1,11128,2896,34088,5576,2152,864,800,312,1152,0,0,0,1,0,1504
927,23,3,10760,2328,38472,5488,1384,1056,1656,504,456,0,0,1,0,0,1240
928,19,1,10752,6600,24848,4504,2664,1136,768,752,1224,0,1,0,0,0,1264
929,23,1,6232,5664,30464,7008,3128,752,1536,696,856,0,0,1,0,0,544
930,23,2,8984,3920,44056,7456,2960,1128,2064,1112,1496,0,0,1,0,0,1216
931,22,2,8304,5488,38128,7432,2928,1064,592,944,848,0,0,1,0,0,1464
932,22,2,4760,7960,31768,4576,888,632,1952,488,1584,0,1,0,0,0,760
933,25,0,10760,2360,36680,4968,2280,808,1688,440,856,0,0,0,1,0,1360
934,19,1,4272,4368,32816,4160,2968,1568,1912,360,976,0,1,0,0,0,1048
935,24,2,9408,2608,39120,6696,1960,744,432,856,320,0,1,0,0,0,1272
936,20,3,6688,840,46456,3352,1944,1192,568,592,1144,1,0,0,0,0,992
937,18,0,8376,120,34736,4960,2872,1560,1544,1128,384,1,0,0,0,0,1256
938,24,3,6920,7256,41512,7488,1288,920,1872,1032,1304,0,0,0,1,0,1288
939,18,1,9184,4520,26824,4904,1744,1272,1880,976,1488,0,0,0,0,1,1272
940,21,2,5568,5720,41904,5680,1560,1064,2352,328,1576,0,0,0,1,0,960
941,19,0,6224,5928,45312,4464,3184,1368,1184,664,1104,0,0,1,0,0,984
942,22,2,9120,4784,44984,5320,2224,1464,1904,1552,176,0,0,0,0,1,1056
943,22,3,4456,2808,28080,6856,896,1264,2136,248,1168,0,1,0,0,0,944
944,24,3,7584,5928,47384,7632,2120,1448,1728,1256,264,0,1,0,0,0,1040
945,24,0,9992,4592,35816,5224,888,1456,1928,896,1568,0,0,0,1,0,1408
946,24,3,8736,7904,38552,6144,1920,1264,1888,1096,464,0,0,1,0,0,1152
947,20,1,5736,7664,45336,3576,2432,1552,1544,752,824,0,1,0,0,0,960
948,19,3,6856,4920,30808,3896,2040,760,2392,744,592,0,1,0,0,0,616
949,18,2,8168,4648,37520,4016,1776,1288,448,1504,680,1,0,0,0,0,1224
950,22,3,8448,5352,43024,4768,2224,1432,1080,440,408,0,0,0,0,1,1072
951,25,0,6064,3096,39792,4272,808,608,960,1280,208,0,0,1,0,0,736
952,21,0,5224,5112,40360,3968,2688,672,1760,1352,1000,0,0,1,0,0,1192
953,21,3,5144,1744,33104,6344,2168,1456,632,360,728,0,1,0,0,0,1232
954,25,0,5344,7144,27568,5224,2776,704,584,1216,280,0,0,0,1,0,1344
955,25,3,5160,632,30640,7520,1992,504,592,608,600,0,0,0,0,1,808
956,20,2,8160,4176,30992,3264,1200,1296,2040,1104,1392,0,0,0,0,1,1816
957,20,1,9024,3664,42416,4816,2160,520,1744,1104,1136,0,1,0,0,0,1608
958,22,2,9488,5200,35096,6384,1112,472,2200,952,256,0,0,1,0,0,1040
959,23,2,4224,4584,34288,7112,1672,1088,1208,368,584,0,0,0,0,1,1480
960,25,2,6192,6392,35176,5032,1304,600,432,1088,1000,0,1,0,0,0,576
961,22,2,9888,2040,31632,4800,2192,920,2376,248,312,0,0,1,0,0,624
962,24,3,7504,4896,30376,7424,1520,520,1568,904,1368,1,0,0,0,0,1248
963,22,2,9352,4704,32880,4064,832,1272,840,1304,1560,0,1,0,0,0,864
964,25,0,8488,2664,46608,7592,2000,1104,2120,1544,824,0,1,0,0,0,616
965,24,3,4112,1264,24312,4048,2888,672,832,1272,792,0,0,1,0,0,1448
966,19,1,8120,3944,43480,6616,2952,1176,2312,968,592,0,0,0,1,0,1088
967,18,1,5944,832,27944,5808,1784,840,2200,1264,600,0,1,0,0,0,880
968,21,3,7304,560,33464,5712,2144,704,552,312,1416,0,0,0,1,0,944
969,24,1,9136,7568,37984,6936,2112,1328,2296,672,1080,0,0,0,1,0,1344
970,25,2,6944,5360,26192,3544,2464,960,688,1592,1016,0,0,0,0,1,1328
971,19,3,11712,136,31512,3920,2856,696,1344,696,1080,0,0,0,1,0,1312
972,21,2,10080,4936,32480,6392,1952,496,2280,1440,1040,0,0,0,0,1,1352
973,19,1,10608,6536,43608,3624,1376,696,1760,744,256,0,1,0,0,0,1456
974,18,2,9752,5368,33216,5600,2680,1216,616,656,216,0,1,0,0,0,1472
975,19,0,8304,6584,41688,4608,1656,736,2160,984,1320,0,1,0,0,0,640
976,25,1,11344,4080,30656,7808,2960,936,2264,1480,480,1,0,0,0,0,1424
977,18,1,11080,104,35072,5424,2024,952,1832,592,1352,0,0,0,1,0,1304
978,23,0,4424,944,40240,7680,2432,1080,1176,944,1464,0,1,0,0,0,1272
979,20,2,8104,1816,32952,6440,2928,496,672,1208,1376,0,0,1,0,0,1560
980,18,2,8152,4712,42856,6624,1976,520,1360,240,1008,0,0,0,1,0,1200
981,24,1,5352,56,35688,6624,2128,472,1048,600,1320,0,1,0,0,0,1248
982,19,0,7464,5584,33248,6240,2968,640,2152,400,1360,0,1,0,0,0,1328
983,20,1,9328,5368,25952,4224,1312,936,1944,672,864,0,0,0,0,1,1464
984,25,0,9576,5216,35392,5096,1984,1488,2032,928,216,0,0,1,0,0,1120
985,19,2,7784,5560,37672,4440,912,744,1520,1032,1424,1,0,0,0,0,1528
986,23,1,11048,5568,35096,5168,1368,1136,1728,704,1520,0,1,0,0,0,1536
987,22,1,8656,1768,36192,4264,2208,1048,1736,392,1456,0,0,0,0,1,1040
988,23,2,9280,1344,27160,6480,840,1456,2232,592,840,0,0,0,1,0,720
989,22,1,8088,6024,28184,3800,3136,1496,1000,744,248,0,1,0,0,0,1376
990,20,2,11296,1240,44608,3544,2440,952,2320,240,728,0,0,0,0,1,1288
991,24,1,11128,2072,28576,6040,1088,440,1496,1224,184,0,0,0,0,1,1024
992,20,0,10344,5376,45080,3480,3112,1536,536,616,1096,0,0,1,0,0,696
993,20,0,11040,4752,29264,5912,2216,1496,2264,544,168,0,0,0,0,1,1704
994,22,2,6112,2288,43440,4712,3096,488,688,368,680,0,0,0,0,1,1136
995,22,2,10768,4160,29504,7752,1216,1552,2016,520,1304,1,0,0,0,0,640
996,19,2,11256,4480,27040,4064,2120,416,2192,672,1080,1,0,0,0,0,1104
997,20,1,7656,3144,27976,5784,2712,1112,2272,456,224,0,0,1,0,0,1264
998,22,2,9392,4896,29192,4344,1896,984,1520,808,520,0,0,1,0,0,1752
999,24,3,4328,5120,47720,4872,2160,1528,2248,704,1160,0,1,0,0,0,1456
